TradeId,ProductDescription,AccrualDays,Accrued,APCorrelation,BaseCorrelationLevelDelta,BaseCorrelationSkewDelta,BenchmarkQuote,BenchmarkQuoteType,BreakEvenFee,BreakEvenPremium,Carry,CashflowEffect,CDS Spread Quote 10Y,CDS Spread Quote 15Y,CDS Spread Quote 1Y,CDS Spread Quote 20Y,CDS Spread Quote 2Y,CDS Spread Quote 30Y,CDS Spread Quote 3Y,CDS Spread Quote 4Y,CDS Spread Quote 5Y,CDS Spread Quote 6M,CDS Spread Quote 7Y,Convexity,CorrEffect,Correlation,Coupon,CSDeltaEffect_1 Years,CSDeltaEffect_10 Years,CSDeltaEffect_15 Years,CSDeltaEffect_2 Years,CSDeltaEffect_20 Years,CSDeltaEffect_3 Years,CSDeltaEffect_30 Years,CSDeltaEffect_4 Years,CSDeltaEffect_5 Years,CSDeltaEffect_6 Months,CSDeltaEffect_7 Years,CSGammaEffect_1 Years,CSGammaEffect_10 Years,CSGammaEffect_15 Years,CSGammaEffect_2 Years,CSGammaEffect_20 Years,CSGammaEffect_3 Years,CSGammaEffect_30 Years,CSGammaEffect_4 Years,CSGammaEffect_5 Years,CSGammaEffect_6 Months,CSGammaEffect_7 Years,CurrentAttachment,CurrentDetachment,CurrentDraw,CurrentNotional,Daily Funding,DefaultEffect,Delta,DiscountMargin,DPCorrelation,Duration,DurationWeightedAvgImpliedSpread,EffectiveNotional,EstimatedPL,ExercisePrice,ExpectedLoss,ExpectedSurvival,ExpectedWAL,FairValue,FeePv,FlatteningSpreadDelta,ForwardValue,Funding PL,FX,Gamma,ImpliedAttachmentPoint,ImpliedCDSLevel,ImpliedCDSSpread,ImpliedCorrelation,ImpliedDetachmentPoint,ImpliedIndexBasis,ImpliedIndexFactor,ImpliedQuotedSpr,IntrinsicValue,IRDelta_1 Days,IRDelta_1 Months,IRDelta_1 Weeks,IRDelta_1 Years,IRDelta_10 Years,IRDelta_15 Years,IRDelta_2 Days,IRDelta_2 Months,IRDelta_2 Weeks,IRDelta_2 Years,IRDelta_20 Years,IRDelta_3 Months,IRDelta_3 Years,IRDelta_4 Months,IRDelta_4 Years,IRDelta_5 Months,IRDelta_5 Years,IRDelta_6 Months,IRDelta_6 Years,IRDelta_7 Years,IRDelta_8 Years,IRDelta_9 Months,IRDelta_9 Years,IRDelta_DEC09,IRDelta_DEC10,IRDelta_DEC11,IRDelta_JUN09,IRDelta_JUN10,IRDelta_JUN11,IRDelta_MAR10,IRDelta_MAR11,IRDelta_MAR12,IRDelta_SEP09,IRDelta_SEP10,IRDelta_SEP11,IREffect_1 Days,IREffect_1 Months,IREffect_1 Weeks,IREffect_1 Years,IREffect_10 Years,IREffect_15 Years,IREffect_2 Days,IREffect_2 Months,IREffect_2 Weeks,IREffect_2 Years,IREffect_20 Years,IREffect_3 Months,IREffect_3 Years,IREffect_4 Months,IREffect_4 Years,IREffect_5 Months,IREffect_5 Years,IREffect_6 Months,IREffect_6 Years,IREffect_7 Years,IREffect_8 Years,IREffect_9 Months,IREffect_9 Years,IREffect_DEC09,IREffect_DEC10,IREffect_DEC11,IREffect_JUN09,IREffect_JUN10,IREffect_JUN11,IREffect_MAR10,IREffect_MAR11,IREffect_MAR12,IREffect_SEP09,IREffect_SEP10,IREffect_SEP11,IRGamma,Irr,JTD,LCDS Spread Quote 10Y,LCDS Spread Quote 15Y,LCDS Spread Quote 1Y,LCDS Spread Quote 20Y,LCDS Spread Quote 2Y,LCDS Spread Quote 30Y,LCDS Spread Quote 3Y,LCDS Spread Quote 4Y,LCDS Spread Quote 5Y,LCDS Spread Quote 6M,LCDS Spread Quote 7Y,LTD CF PL,LTD FX PL,LTD MTM PL,LTD PL,LTDPLChange,Market01,MarketPrice,MarketSpread01,MarketTrancheDelta,MarketValue,MarketWAL,MarkingQuote,MarkingQuoteType,MixedCorrelationWeights,ModDuration,MTM,MTMCarry,NewBusinessEffect,NotionalWeightedAvgImpliedSpread,OAS,OptionPrice,OptionPv,OptionSpreadValue,ParCoupon,Payment,PercentResidualPL,PerformanceLevel,Premium01,Price,ProtectionPv,Pv,PV01,Quote5Y,RateConvexity,RateDuration,Rating,Recovery,Recovery Rate Quote,RecoveryEffect,RecoveryRate,ResidualPL,Rho,RiskyDuration,RiskyWAL,ShortRateVol,Size,SizeByCredit,Slide,Spread+10%,Spread+100%,Spread+20%,Spread+200%,Spread+5%,Spread+50%,Spread-10%,Spread-20%,Spread-5%,Spread-50%,Spread-80%,SpreadConvexity,SpreadDelta_1 Years,SpreadDelta_10 Years,SpreadDelta_15 Years,SpreadDelta_2 Years,SpreadDelta_20 Years,SpreadDelta_3 Years,SpreadDelta_30 Years,SpreadDelta_4 Years,SpreadDelta_5 Years,SpreadDelta_6 Months,SpreadDelta_7 Years,SpreadDuration,SpreadGamma_1 Years,SpreadGamma_10 Years,SpreadGamma_15 Years,SpreadGamma_2 Years,SpreadGamma_20 Years,SpreadGamma_3 Years,SpreadGamma_30 Years,SpreadGamma_4 Years,SpreadGamma_5 Years,SpreadGamma_6 Months,SpreadGamma_7 Years,SpreadHdgeDelta_1 Years,SpreadHdgeDelta_10 Years,SpreadHdgeDelta_15 Years,SpreadHdgeDelta_2 Years,SpreadHdgeDelta_20 Years,SpreadHdgeDelta_3 Years,SpreadHdgeDelta_30 Years,SpreadHdgeDelta_4 Years,SpreadHdgeDelta_5 Years,SpreadHdgeDelta_6 Months,SpreadHdgeDelta_7 Years,SpreadHdgeNotnl_1 Years,SpreadHdgeNotnl_10 Years,SpreadHdgeNotnl_15 Years,SpreadHdgeNotnl_2 Years,SpreadHdgeNotnl_20 Years,SpreadHdgeNotnl_3 Years,SpreadHdgeNotnl_30 Years,SpreadHdgeNotnl_4 Years,SpreadHdgeNotnl_5 Years,SpreadHdgeNotnl_6 Months,SpreadHdgeNotnl_7 Years,SpreadQuote,SpreadQuoteType,SpreadToMaturity,SteepeningSpreadDelta,SystematicSpreadDelta,SystematicSpreadGamma,SystematicSpreadHdgeDelta,SystematicSpreadHdgeNotnl,TerminatedEffect,TestSpreadDeltaByTenor_1 Years,TestSpreadDeltaByTenor_10 Years,TestSpreadDeltaByTenor_15 Years,TestSpreadDeltaByTenor_2 Years,TestSpreadDeltaByTenor_20 Years,TestSpreadDeltaByTenor_3 Years,TestSpreadDeltaByTenor_30 Years,TestSpreadDeltaByTenor_4 Years,TestSpreadDeltaByTenor_5 Years,TestSpreadDeltaByTenor_6 Months,TestSpreadDeltaByTenor_7 Years,TestSpreadDeltaByTenorMkt_1 Years,TestSpreadDeltaByTenorMkt_10 Years,TestSpreadDeltaByTenorMkt_15 Years,TestSpreadDeltaByTenorMkt_2 Years,TestSpreadDeltaByTenorMkt_20 Years,TestSpreadDeltaByTenorMkt_3 Years,TestSpreadDeltaByTenorMkt_30 Years,TestSpreadDeltaByTenorMkt_4 Years,TestSpreadDeltaByTenorMkt_5 Years,TestSpreadDeltaByTenorMkt_6 Months,TestSpreadDeltaByTenorMkt_7 Years,TestSpreadDeltaParallel,TestSpreadDeltaParallelMkt,TestSpreadDeltaUniform,TestSpreadDeltaUniformMkt,TestSpreadGammaByTenor_1 Years,TestSpreadGammaByTenor_10 Years,TestSpreadGammaByTenor_15 Years,TestSpreadGammaByTenor_2 Years,TestSpreadGammaByTenor_20 Years,TestSpreadGammaByTenor_3 Years,TestSpreadGammaByTenor_30 Years,TestSpreadGammaByTenor_4 Years,TestSpreadGammaByTenor_5 Years,TestSpreadGammaByTenor_6 Months,TestSpreadGammaByTenor_7 Years,TestSpreadGammaByTenorMkt_1 Years,TestSpreadGammaByTenorMkt_10 Years,TestSpreadGammaByTenorMkt_15 Years,TestSpreadGammaByTenorMkt_2 Years,TestSpreadGammaByTenorMkt_20 Years,TestSpreadGammaByTenorMkt_3 Years,TestSpreadGammaByTenorMkt_30 Years,TestSpreadGammaByTenorMkt_4 Years,TestSpreadGammaByTenorMkt_5 Years,TestSpreadGammaByTenorMkt_6 Months,TestSpreadGammaByTenorMkt_7 Years,TestSpreadGammaParallel,TestSpreadGammaParallelMkt,TestSpreadGammaUniform,TestSpreadGammaUniformMkt,TestSpreadHdgeDeltaByTenor_1 Years,TestSpreadHdgeDeltaByTenor_10 Years,TestSpreadHdgeDeltaByTenor_15 Years,TestSpreadHdgeDeltaByTenor_2 Years,TestSpreadHdgeDeltaByTenor_20 Years,TestSpreadHdgeDeltaByTenor_3 Years,TestSpreadHdgeDeltaByTenor_30 Years,TestSpreadHdgeDeltaByTenor_4 Years,TestSpreadHdgeDeltaByTenor_5 Years,TestSpreadHdgeDeltaByTenor_6 Months,TestSpreadHdgeDeltaByTenor_7 Years,TestSpreadHdgeDeltaByTenorMkt_1 Years,TestSpreadHdgeDeltaByTenorMkt_10 Years,TestSpreadHdgeDeltaByTenorMkt_15 Years,TestSpreadHdgeDeltaByTenorMkt_2 Years,TestSpreadHdgeDeltaByTenorMkt_20 Years,TestSpreadHdgeDeltaByTenorMkt_3 Years,TestSpreadHdgeDeltaByTenorMkt_30 Years,TestSpreadHdgeDeltaByTenorMkt_4 Years,TestSpreadHdgeDeltaByTenorMkt_5 Years,TestSpreadHdgeDeltaByTenorMkt_6 Months,TestSpreadHdgeDeltaByTenorMkt_7 Years,TestSpreadHdgeDeltaParallel,TestSpreadHdgeDeltaParallelMkt,TestSpreadHdgeDeltaUniform,TestSpreadHdgeDeltaUniformMkt,TestSpreadHdgeNotnlByTenor_1 Years,TestSpreadHdgeNotnlByTenor_10 Years,TestSpreadHdgeNotnlByTenor_15 Years,TestSpreadHdgeNotnlByTenor_2 Years,TestSpreadHdgeNotnlByTenor_20 Years,TestSpreadHdgeNotnlByTenor_3 Years,TestSpreadHdgeNotnlByTenor_30 Years,TestSpreadHdgeNotnlByTenor_4 Years,TestSpreadHdgeNotnlByTenor_5 Years,TestSpreadHdgeNotnlByTenor_6 Months,TestSpreadHdgeNotnlByTenor_7 Years,TestSpreadHdgeNotnlByTenorMkt_1 Years,TestSpreadHdgeNotnlByTenorMkt_10 Years,TestSpreadHdgeNotnlByTenorMkt_15 Years,TestSpreadHdgeNotnlByTenorMkt_2 Years,TestSpreadHdgeNotnlByTenorMkt_20 Years,TestSpreadHdgeNotnlByTenorMkt_3 Years,TestSpreadHdgeNotnlByTenorMkt_30 Years,TestSpreadHdgeNotnlByTenorMkt_4 Years,TestSpreadHdgeNotnlByTenorMkt_5 Years,TestSpreadHdgeNotnlByTenorMkt_6 Months,TestSpreadHdgeNotnlByTenorMkt_7 Years,TestSpreadHdgeNotnlParallel,TestSpreadHdgeNotnlParallelMkt,TestSpreadHdgeNotnlUniform,TestSpreadHdgeNotnlUniformMkt,Theta,ThetaEffect,Total_CSDeltaEffect,Total_CSGammaEffect,Total_IRDelta,Total_IREffect,Total_SpreadDelta,Total_SpreadGamma,Total_SpreadHdgeDelta,Total_SpreadHdgeNotnl,Total_TestSpreadDeltaByTenor,Total_TestSpreadDeltaByTenorMkt,Total_TestSpreadGammaByTenor,Total_TestSpreadGammaByTenorMkt,Total_TestSpreadHdgeDeltaByTenor,Total_TestSpreadHdgeDeltaByTenorMkt,Total_TestSpreadHdgeNotnlByTenor,Total_TestSpreadHdgeNotnlByTenorMkt,TR_MAT_DELTA,TR_MAT_HDGE_DELTA,TR_MAT_HDGE_NOTNL,TrancheVolatility,UnderlyingQuote,UnexplainedPL,UniformBaseCorrelationDelta,UpFrontValue,Vega,VOD,Vol,WAL,World1,World2,World3,World4,World5,World6,World7,World8,Yield,YieldToCall,YieldToWorst,ZSpread,ZSpread01
CDO0000639,ACA 3,,,,,,,,,,,,,,,,,,,,,,,,,,,,,,,,,,,,,,,,,,,,,,,,,,,,,0,,,,,,,,,,,,,,,,,-113581.076527778,,,,,,,,,,,,,,,,,,,,,,,,,,,,,,,,,,,,,,,,,,,,,,,,,,,,,,,,,,,,,,,,,,,,,,,,,,,,,,,,,,,,,,,,,,,,,,,,-2253835.625,,0,-2367416.70152778,113581.076527778,,,,,,,,,,,,,,,,,,,,0,,,,,,,,,,,,,,,,113581.076527778,,,,,,,,,,,,,,,,,,,,,,,,,,,,,,,,,,,,,,,,,,,,,,,,,,,,,,,,,,,,,,,,,,,,,,,,,,,,,,,,,,,,,,,,,,,,,,,,,,,,,,,,,,,,,,,,,,,,,,,,,,,,,,,,,,,,,,,,,,,,,,,,,,,,,,,,,,,,,,,,,,,,,,,,,,,,,,,,,,,,,,,,,,,,,,,,,,,,,,,,,,,,,,,,,,,,,,,,,,,,
CDO0000640,ACA 3 BA,,,,,,,,,,,,,,,,,,,,,,,,,,,,,,,,,,,,,,,,,,,,,,,,,,,,,0,,,,,,,,,,,,,,,,,137464.804722222,,,,,,,,,,,,,,,,,,,,,,,,,,,,,,,,,,,,,,,,,,,,,,,,,,,,,,,,,,,,,,,,,,,,,,,,,,,,,,,,,,,,,,,,,,,,,,,,2745381.25,,0,2882846.05472222,-137464.804722223,,,,,,,,,,,,,,,,,,,,0,,,,,,,,,,,,,,,,-137464.804722223,,,,,,,,,,,,,,,,,,,,,,,,,,,,,,,,,,,,,,,,,,,,,,,,,,,,,,,,,,,,,,,,,,,,,,,,,,,,,,,,,,,,,,,,,,,,,,,,,,,,,,,,,,,,,,,,,,,,,,,,,,,,,,,,,,,,,,,,,,,,,,,,,,,,,,,,,,,,,,,,,,,,,,,,,,,,,,,,,,,,,,,,,,,,,,,,,,,,,,,,,,,,,,,,,,,,,,,,,,,,
CDO0000646,Athilon 4,43,-124222.22223216,0.529876750576627,342886.641364447,-461159.419151364,,,0.010821502451875,54.1978581884719,-2888.88888912,0,4913.8,,10256,,8068.8,,7153.9,6493.5,6061.8,,5483.8,,-19913.3077954523,,,-3118.97936330492,,,79321.0507428792,,162771.288357458,,,,,,-64.3335401847011,,,-1181.12592344368,,-1290.13595969691,,,,,,0.164315352697519,0.319917012448405,,-800000000.064,-260.160493847973,,,,0.711571608724469,,0.0159304747838005,-800000000.064,132485.581513014,,-11563292.3303298,0.985545884588244,,,-2856001.77081922,91151.3818962628,,-210284.950634107,,,,,,,0.18,,,,,,,,,,,,,,,,,,,,,,,,,,,,,,,,,,,,,,,,,,,,,,,,,,,,,,,,,,,,,,,,,,,,,,,,,,,0,,72897566.6034033,,,,,,,,,,,,-4682888.88926352,,8532983.60092926,3639809.76103163,154349.07252604,,,,,,,0,None,1,,8532983.60092926,-12043.9684872906,,0.0210436774326499,,,,,,0,14.1649642950316,,-219692.443909171,,11388985.3717485,8532983.60092926,,6061.8,,,,318845.813702703,0.4,0,,21863.4910130259,,2.62671481667053,,,-800000000.064,,,,,,,,,,,,,,,-2117.21924963593,,,73741.5081257969,,109921.72478658,,,,,,,1.21286660432816,,,80.1332847774029,,170.846635043621,,,,,,-13715.6684811457,,,-25390.235916877,,-36511.3275122264,,,,,,18793069.9621114,,,-350207578.774118,,-361957962.881457,,,,,,,,,-75838.2067152753,181547.654538877,684.755847986788,,,,,,,,,,,,,,,,,,,,,,,,,,,,,,,,,,,,,,,,,,,,,,,,,,,,,,,,,,,,,,,,,,,,,,,,,,,,,,,,,,,,,,,,,,,,,,,,,,,,,,,,,,,,-28526.2071263883,-84038.8750052406,238973.359737032,-2535.59542332529,-1623.20974353012,,181546.013662741,252.192786425352,-75617.2319102491,-693372471.693463,,,,,,,,,181540.653300405,-30978.8509859976,-705472124.186222,,,,432874.812786337,-768846225.126102,,-3630.36422050558,,,,,,,,,,,,,,,
CDO0000647,Athilon 5,43,-69277.7777777778,0.530582513975433,168853.480225581,-219447.802504577,,,0.00825156790472602,45.8913713001462,-1611.11111111111,0,1596.9,,2297.9,,1824.2,,1627,1530.8,1643.5,,1632.9,,-25265.6165088501,,,-1993.9895124637,,,48089.104583185,,77191.6185128113,,,,,,-4.18736593159605,,,-242.304759094578,,-601.562979048268,,,,,,0.191836734903165,0.344897959314478,,-400000000,-143.657407407407,,,,0.691568833247466,,0.0156166564903438,-400000000,60429.7432969602,,-4899669.58176273,0.987750826045593,,,-1593869.54526974,48351.4429855853,,-114987.237654321,,,,,,,0.2,,,,,,,,,,,,,,,,,,,,,,,,,,,,,,,,,,,,,,,,,,,,,,,,,,,,,,,,,,,,,,,,,,,,,,,,,,,0,,26753391.0860342,,,,,,,,,,,,-2585833.33333333,,3231351.53734524,530530.966357589,70685.8843297688,,,,,,,0,None,1,,3231351.53734524,-5099.0412555718,,0.0166639098729366,,,,,,0,14.5094613020062,,-109922.03760481,,4825221.08261499,3231351.53734524,,1643.5,,,,137575.278840125,0.4,0,,10256.1410328086,,2.62861020814583,,,-400000000,,,,,,,,,,,,,,,-946.941036894917,,,30857.3370657787,,46095.1392832249,,,,,,,0.138246119022369,,,-1.00909151136875,,-2.00331482291222,,,,,,-11040.7840341925,,,-20426.2443926606,,-29342.163583431,,,,,,8403911.07771107,,,-146787403.055311,,-152121174.084614,,,,,,,,,-39286.4610281913,75931.9238106948,187.673011259176,,,,,,,,,,,,,,,,,,,,,,,,,,,,,,,,,,,,,,,,,,,,,,,,,,,,,,,,,,,,,,,,,,,,,,,,,,,,,,,,,,,,,,,,,,,,,,,,,,,,,,,,,,,,-12413.4220007425,-36743.3186736479,123286.733583533,-848.055104074442,-646.172350847675,,76005.5353121087,-2.8741602152586,-60809.1920102841,-290504666.062214,,,,,,,,,76004.2711737156,-24909.8606398541,-295935613.053243,,,,225959.573650111,-385283174.424129,,8286.32686329167,,,,,,,,,,,,,,,
CDO0000649,Athilon 6,43,-105111.111111111,0.469249058312482,436455.115451365,-593801.379558814,,,0.0167764354405141,64.8734185126202,-2444.44444444445,0,1596.9,,882.4,,1166.5,,1301.13363360301,1530.8,1643.5,,1632.9,,3161.65322311327,,,-2517.43813799178,,,-6661.78188795505,,285907.735510799,,0,,,,3.46127447537657,,,-31.5785767648934,,-5089.36186045282,,0,,,,0.139534883721099,0.293023255814066,,-800000000,-195.148148148148,,,,0.671513578527674,,0.0146811731878939,-800000000,180078.537059944,,-16496586.3788721,0.97937926702641,,,-2845469.15686801,156134.599108793,,-139802.259259259,,,,,,,0.15,,,,,,,,,,,,,,,,,,,,,,,,,,,,,,,,,,,,,,,,,,,,,,,,,,,,,,,,,,,,,,,,,,,,,,,,,,,0,,125125343.119558,,,,,,,,,,,,-3512666.66666667,,13316040.5082738,9663571.5823479,201832.456014168,,,,,,,0,None,1,,13316040.5082738,-14416.3152250267,,0.0156971276868459,,,,,,0,10.7782065302207,,-258679.014260728,,16161509.6651418,13316040.5082738,,1643.5,,,,470775.832689703,0.4,0,,21753.9189542238,,3.11404694628468,,,-800000000,,,,,,,,,,,,,,,-2788.08880957961,,,-3764.31225202978,,267572.99595885,,0,,,,,1.76618677377701,,,3.2686912715435,,561.531169325113,,0,,,,-12306.7633967169,,,-22804.8653264147,,-32814.20560616,,-42285.5628579346,,,,24754770.7264615,,,18147887.4415364,,-880786928.316317,,0,,,,,,,-130981.950143634,261293.538073981,1556.89573650062,,,,,,,,,,,,,,,,,,,,,,,,,,,,,,,,,,,,,,,,,,,,,,,,,,,,,,,,,,,,,,,,,,,,,,,,,,,,,,,,,,,,,,,,,,,,,,,,,,,,,,,,,,,,-31971.4244010877,-94694.1524852794,276728.515484852,-5117.47916274234,-2925.15842832942,,261020.59489724,566.566047370434,-110211.397187226,-837884270.14832,,,,,,,,,261020.786011904,-32814.1910457295,-858766648.034505,,,,495876.502624159,-756176533.299893,,82913.7463804856,,,,,,,,,,,,,,,
CDO0000651,Athilon 7,43,-105111.111110848,0.402286864789309,907796.007867652,-698406.463057541,,,0.0431566579900231,140.671429642639,-2444.44444443833,0,1596.9,,946.8,,1121.8,,1276.6,1530.8,1643.5,,1632.9,,-28543.0914296228,,,-25479.8792276264,,,-48033.4275544483,,646825.399824635,,341426.191757127,,,,-8.63478127656067,,,-162.139185677982,,-6295.32761801592,,142.670373273441,,,,0.137019230769236,0.291346153846157,,-799999999.998,-176.543209876102,,,,0.544160946728944,,0.0202648720023283,-799999999.998,668010.783384222,,-38343012.4053143,0.952071234493237,,,-3033883.99288399,221790.661612831,,-114378.543209591,,,,,,,0.15,,,,,,,,,,,,,,,,,,,,,,,,,,,,,,,,,,,,,,,,,,,,,,,,,,,,,,,,,,,,,,,,,,,,,,,,,,,0,,245233149.973287,,,,,,,,,,,,-3177777.77776983,,34420218.547795,31128062.2268156,723070.872626491,,,,,,,0,None,1,,34420218.547795,-31260.317698286,,0.0216171236897669,,,,,,0,7.61475691065631,,-275807.635716727,,37454102.540679,34420218.547795,,1643.5,,,,1074291.73148441,0.4,0,,55060.0892422686,,3.32815471449328,,,-799999999.998,,,,,,,,,,,,,,,-5088.95885646343,,,-8358.18516024947,,297308.411636263,,133167.259705961,,,,,0.348968029022217,,,-2.31158989667892,,-37.28225928545,,45.5641225576401,,,,-11931.1757582149,,,-22040.8198745101,,-31599.3019546897,,-40560.0748044851,,,,45442733.1308432,,,40715642.7620237,,-986206229.597041,,-343590986.82969,,,,,,,-193040.02181008,416776.291888174,1218.80533053726,,,,,,,,,,,,,,,,,,,,,,,,,,,,,,,,,,,,,,,,,,,,,,,,,,,,,,,,,,,,,,,,,,,,,,,,,,,,,,,,,,,,,,,,,,,,,,,,,,,,,,,,,,,,-72290.9359474108,-211860.978774145,914738.284799687,-6323.43121169702,-7857.19638433829,,417028.527325511,6.31924140453339,-106131.3723919,-1243638840.53386,,,,,,,,,417024.658608675,-33893.3018592236,-1287729391.19707,,,,773469.466981408,-730782266.24876,,263349.307924278,,,,,,,,,,,,,,,
CDO0000652,Athilon 7 offset,43,143333.333332975,0.402286864789309,-908331.973947745,698737.80182624,,,0.0418253961042258,140.671429642639,3333.333333325,0,1596.9,,946.8,,1121.8,,1276.6,1530.8,1643.5,,1632.9,,28569.7196249652,,,25454.0725535202,,,47838.1279785329,,-647043.19206596,,-341451.842644682,,,,11.5089509342604,,,165.894739867995,,6298.07537594078,,-142.701498213446,,,,0.137019230769236,0.291346153846157,,799999999.998,153.703703703319,,,,0.544160946728944,,0.0202648720023283,799999999.998,-668204.637156521,,38343012.4053143,0.952071234493237,,,4137114.53575089,-221933.155246431,,63420.9259257674,,,,,,,0.15,,,,,,,,,,,,,,,,,,,,,,,,,,,,,,,,,,,,,,,,,,,,,,,,,,,,,,,,,,,,,,,,,,,,,,,,,,,0,,-245346564.788623,,,,,,,,,,,,2766666.66665975,,-33316988.0049281,-30486900.4123425,-723290.119380768,,,,,,,0,None,1,,-33316988.0049281,31260.317698286,,0.0216171236897669,,,,,,0,7.61595945364335,,275807.635716727,,-37454102.540679,-33316988.0049281,,1643.5,,,,-1074742.24708372,0.4,0,,-55085.4822242479,,3.32815471449328,,,799999999.998,,,,,,,,,,,,,,,5069.7642069757,,,8286.37449139357,,-297410.259607077,,-133177.342832178,,,,,-0.337941229343414,,,2.34020304679871,,37.3575433492661,,-45.5679280161858,,,,-11931.1757582149,,,-22040.8198745101,,-31599.3019546897,,-40560.0748044851,,,,-45273332.143573,,,-40373561.4291384,,986543996.406465,,343617001.152209,,,,,,,193153.898075354,-416979.234606214,-1219.3320107609,,,,,,,,,,,,,,,,,,,,,,,,,,,,,,,,,,,,,,,,,,,,,,,,,,,,,,,,,,,,,,,,,,,,,,,,,,,,,,,,,,,,,,,,,,,,,,,,,,,,,,,,,,,,72370.5603516996,212095.699828573,-915202.834178588,6332.77756852959,7664.56955767795,,-417231.463740885,-6.20812284946442,-106131.3723919,1244514103.98596,,,,,,,,,-417227.59852469,-33893.3018592236,1288355282.43558,,,,-774041.015333287,730782266.24876,,-263579.086574316,,,,,,,,,,,,,,,
CDO0000653,CDX6 7-10 7y ECD3450,43,-13706.2500164475,0.309650936188352,-43977.0417589649,-122043.119970739,,,0.445296629419421,1094.76521232641,-318.7500003825,0,1406.7,,2000,,1900,,1800,1700,1600,,1483.9,,8630.79935494316,,,86.6550366464928,,,-738.835952176521,,-155.453210645259,,-4277.07412304799,29569.0655832045,,27678.6020336758,-3.7957777067487,,,-1.04320452778779,,6.26772079780626,,-28.5490135520459,2479.05176018174,,968.213423661784,0.0456066945678372,0.0769874477055068,,-10000000.012,-24.8447916964804,,,,0.330893520142245,,0.0155977278888078,-10000000.012,57633.9134595782,,-5238435.34982105,0.476156465646508,,,-535103.733394975,-16023.4591305925,,-17379.153145855,,,,,,,0.07,,,,,,,,,,,,,,,,,,,,,,,,,,,,,,,,,,,,,,,,,,,,,,,,,,,,,,,,,,,,,,,,,,,,,,,,,,,0,,41186358.623399,,,,,,,,,,,,-447206.250536647,,4439260.47552725,3974675.07184475,55067.4091193639,,,,,,,0,None,1,,4439260.47552725,-3041.01448233368,,0.0176611270225481,,,,,,0,-4.6606593287351,,-4663.21336291905,,4974364.20892223,4439260.47552725,,1600,,,,76955.6430648118,0.4,0,,-2566.50434021436,,4.5437726253489,,,-10000000.012,,,,,,,,,,,,,,,-105.446722130291,,,-91.6401507854462,,-70.5320556638762,,-141.540744205005,14069.1472914619,,12112.5300322659,,-0.263251150026917,,,0.160319209098816,,1.13303287886083,,2.32918419875205,37.0842666495591,,31.2080293297768,-13705.5442118492,,,-25479.9014693381,,-36770.4489901157,,-47477.2365563099,-57509.0412623472,,-75649.8964600942,960573.490604837,,,499607.218339854,,341858.387149613,,523502.515204576,-29943077.9034637,,-19857630.23601,,,,17156.9376560251,25772.6754289875,-140.191604595631,,,,,,,,,,,,,,,,,,,,,,,,,,,,,,,,,,,,,,,,,,,,,,,,,,,,,,,,,,,,,,,,,,,,,,,,,,,,,,,,,,,,,,,,,,,,,,,,,,,,,,,,,,,,-2167.9019253673,-6579.99017187674,52162.9593676571,3420.14490885475,-1454.14160931557,,25772.5176509432,71.6515811160207,-256592.068950055,-47475166.5281748,,,,,,,,,25772.3452964006,-64599.8478831428,-48633512.6464395,,,,-34193.3143427926,-4203353.94886622,,63450.0956036113,,,,,,,,,,,,,,,
CDO0000654,CDX6 7-10 7y ECD3449,43,6121.52778512361,0.415789467842641,975.000261202,62924.2324953591,,,0.142598099810389,575.692345994238,142.361111281944,0,1406.7,,2000,,1900,,1800,1700,1600,,1483.9,,-597.533730545742,,,-85.4966979553287,,,-3354.69067545674,,-11324.1594601891,,,,,,0.511547456333967,,,-23.5171462685817,,-327.772923599908,,,,,,0.0456066945678372,0.0769874477055068,,10000000.012,11.0962577293649,,,,0.456152996545135,,0.0126835395959977,10000000.012,-8442.31392813854,,1589973.86488126,0.841002613702671,,,145472.262934912,-12258.2576082742,,7761.93114357358,,,,,,,0.07,,,,,,,,,,,,,,,,,,,,,,,,,,,,,,,,,,,,,,,,,,,,,,,,,,,,,,,,,,,,,,,,,,,,,,,,,,,0,,-22669732.3619021,,,,,,,,,,,,199732.639128568,,-1419859.66229403,-1212365.09202189,-10290.6547130994,,,,,,,0,None,1,,-1419859.66229403,1599.14540745852,,0.0137472635014509,,,,,,0,17.961352668922,,2838.48317921782,,-1565331.92522894,-1419859.66229403,,1600,,,,-32555.3010352254,0.4,0,,-1848.34078496082,,2.7190424438372,,,10000000.012,,,,,,,,,,,,,,,117.845516481902,,,-2754.08921010233,,-12706.5855369801,,,,,,,-0.0288765216246247,,,-3.0097562558949,,-46.5445092655718,,,,,,-13705.5442118492,,,-25479.9014693381,,-36770.4489901157,,,,,,-1065199.58771325,,,13029138.0917085,,41846617.6139418,,,,,,,,,10816.3868018763,-15342.9539303257,29.5093620761763,,,,,,,,,,,,,,,,,,,,,,,,,,,,,,,,,,,,,,,,,,,,,,,,,,,,,,,,,,,,,,,,,,,,,,,,,,,,,,,,,,,,,,,,,,,,,,,,,,,,,,,,,,,,2420.46124390862,7270.3451584205,-14764.3468336011,-350.778522412156,251.40428488797,,-15342.8292306005,-49.5831420430914,-75955.8946713029,53810556.1179371,,,,,,,,,-15342.6764754211,-33974.0846112739,54590231.1806865,,,,5066.3072791065,8161068.1440709,,-34351.4005548577,,,,,,,,,,,,,,,
CDO0000655,CDX6 7-10 7y ECD3453,43,14094.4444613578,0.309650936188352,43990.6515835608,122159.841513859,,,0.443819903316182,1094.76521232641,327.777778171111,0,1406.7,,2000,,1900,,1800,1700,1600,,1483.9,,-8638.54697969574,,,-86.7960447376424,,,734.818365642986,,150.646843769592,,4264.11964965867,-29590.7105307143,,-27682.3013401476,3.90275880854937,,,1.0725993920383,,-6.33041714782289,,28.4506423876463,-2479.52229299157,,-968.361054260303,0.0456066945678372,0.0769874477055068,,10000000.012,25.5484568207816,,,,0.330893520142245,,0.0155977278888078,10000000.012,-57674.0145677883,,5238435.34982105,0.476156465646508,,,550259.176824462,16013.7965668683,,17871.3731695938,,,,,,,0.07,,,,,,,,,,,,,,,,,,,,,,,,,,,,,,,,,,,,,,,,,,,,,,,,,,,,,,,,,,,,,,,,,,,,,,,,,,,0,,-41230996.5129668,,,,,,,,,,,,459872.222774069,,-4424105.03209777,-3946361.4361541,-55109.8121200455,,,,,,,0,None,1,,-4424105.03209777,3041.01448233368,,0.0176611270225481,,,,,,0,-4.65289637017295,,4663.2133629194,,-4974364.20892223,-4424105.03209777,,1600,,,,-77026.8048535269,0.4,0,,2564.20244774273,,4.5437726253489,,,10000000.012,,,,,,,,,,,,,,,103.781885273755,,,87.45537475124,,64.2356262877584,,133.905885430984,-14078.3106447253,,-12114.1573016644,,0.268345151096582,,,-0.1616679020226,,-1.14365611970425,,-2.34750073961914,-37.1118826977909,,-31.2115289494395,-13705.5442118492,,,-25479.9014693381,,-36770.4489901157,,-47477.2365563099,-57509.0412623472,,-75649.8964600942,-945961.483027538,,,-479873.855297602,,-321253.546436999,,-504042.32076004,29962590.1181128,,19860295.1470585,,,,-17149.0929798256,-25803.2471949146,140.291040659882,,,,,,,,,,,,,,,,,,,,,,,,,,,,,,,,,,,,,,,,,,,,,,,,,,,,,,,,,,,,,,,,,,,,,,,,,,,,,,,,,,,,,,,,,,,,,,,,,,,,,,,,,,,,2173.15517106559,6595.54323224723,-52210.2230565283,-3420.78776381147,1450.08137709145,,-25803.089174646,-71.7078912574798,-256592.068950055,47571754.0596491,,,,,,,,,-25802.9166751569,-64599.8478831428,48690828.7663051,,,,34213.7885831776,4203353.94886622,,-63548.2606881363,,,,,,,,,,,,,,,
CDO0000656,CDX6 7-10 7y ECD8112,43,-5972.22222938889,0.415789467842641,-976.326383505839,-62914.1873340105,,,0.142937980115869,575.692345994238,-138.888889055556,0,1406.7,,2000,,1900,,1800,1700,1600,,1483.9,,597.486117147702,,,85.4824196347003,,,3352.99022132157,,11323.605021081,,,,,,-0.486005246971988,,,23.5088377030227,,327.760209590815,,,,,,0.0456066945678372,0.0769874477055068,,-10000000.012,-6.40432099533951,,,,0.456152996545135,,0.0126835395959977,-10000000.012,8441.90814993277,,-1589973.86488126,0.841002613702671,,,-141924.15896089,12255.8211003251,,-2642.53858341796,,,,,,,0.07,,,,,,,,,,,,,,,,,,,,,,,,,,,,,,,,,,,,,,,,,,,,,,,,,,,,,,,,,,,,,,,,,,,,,,,,,,,0,,22666114.1683694,,,,,,,,,,,,-115277.777916111,,1423407.76626805,1305487.44976852,10289.9280985238,,,,,,,0,None,1,,1423407.76626805,-1599.14540745852,,0.0137472635014509,,,,,,0,17.9595030295315,,-2838.48317921782,,1565331.92522894,1423407.76626805,,1600,,,,32550.6538848234,0.4,0,,1848.01994859099,,2.7190424438372,,,-10000000.012,,,,,,,,,,,,,,,-118.528537116013,,,2752.70530178072,,12705.9440004379,,,,,,,0.0286868549883366,,,3.00640042033046,,46.5427394825965,,,,,,-13705.5442118492,,,-25479.9014693381,,-36770.4489901157,,,,,,1071211.76815149,,,-13022581.2397298,,-41844506.0286227,,,,,,,,,-10814.3838309714,15340.2453447519,-29.506266820943,,,,,,,,,,,,,,,,,,,,,,,,,,,,,,,,,,,,,,,,,,,,,,,,,,,,,,,,,,,,,,,,,,,,,,,,,,,,,,,,,,,,,,,,,,,,,,,,,,,,,,,,,,,,-2419.81491065351,-7268.43867129902,14762.0776620372,350.783042046866,-251.924362913962,,15340.1207651026,49.5778267579153,-75955.8946713029,-53795875.5002011,,,,,,,,,15339.9680399145,-33974.0846112739,-54580614.3310934,,,,-5066.14607707958,-8161068.1440709,,34345.4896440948,,,,,,,,,,,,,,,
CDO0000657,GNT LSS 1 - CDX7 30-60,43,-178850.16875,0.644326664879303,4059793.25328563,486.232681420482,,,0.0208845700370654,38.0499880476894,-4159.30625,0,1406.7,,2000,,1900,,1800,1700,1600,,1483.9,,-1014441.7584296,,,1227.36539808573,,,-7310.72498710236,,-5570.31551134113,,-16696.2928323484,67484.7269376761,,441697.636327698,-361.636284373203,,,-602.688189780668,,-1650.29757326475,,-1792.25845929787,-12583.4868075766,,-103233.819265432,0.288796680497925,0.6,,-4941750000,-230.32158359375,,,,0.932738811066904,,0.0146978436557851,-4941750000,-907201.043517928,,-124690899.869409,0.97476786566107,,,-9108464.85665048,-744952.933199452,,-152608.412401042,1030274.78438438,,,,,,0.3,,,,,,,,,,,,,,,,,,,,,,,,,,,,,,,,,,,,,,,,,,,,,,,,,,,,,,,,,,,,,,,,,,,,,,,,,,,0,,226271686.112342,,,,,,,,,,,,-5527718.00625,,103027478.438438,97347152.0197871,-938222.827756479,,,,,,,0,None,1,,103027478.438438,-52231.535676297,,0.0165746816580102,,,,,,0,3.30644099896099,,-3006094.01209587,,112135943.295089,103027478.438438,,1600,,,,2763779.54728055,0.4,0,,-31021.7842385514,,5.96361426755066,,,-4941750000,,,,,,,,,,,,,,,-6495.16175866127,,,-11583.7348937988,,-18574.8500263691,,-24963.0758243799,606409.964200616,,1502998.13720274,,-51.8963823318481,,,-127.692735671997,,-257.011916160584,,-384.308282613754,-2004.02604842186,,-12418.4696569443,-13710.3974156607,,,-25502.5594441089,,-36831.4960325291,,-47599.1912152493,-57710.9138949353,,-76034.2123484336,57085692.4237542,,,54549542.7350966,,60350963.9272998,,62551270.9032603,-1235708742.46034,,-2303334098.44075,,,,836063.413863921,2040540.45658769,-9444.50161215663,,,,,,,,,,,,,,,,,,,,,,,,,,,,,,,,,,,,,,,,,,,,,,,,,,,,,,,,,,,,,,,,,,,,,,,,,,,,,,,,,,,,,,,,,,,,,,,,,,,,,,,,,,,,-84414.5078166723,-253367.493841276,480832.395332667,-120224.186579725,-46261.5778951779,,2047791.27890015,-15243.4050221443,-257388.770350917,-3304505370.91168,,,,,,,,,2047839.81384957,-69454.1399436191,-3445162764.47264,,,,3180548.19926804,-4024626291.5424,,649.781881824136,,,,,,,,,,,,,,,
CDO0000658,GNT LSS 1 - GS,43,295132.291666667,0.644326664879303,-4061743.79027457,-486.050821845929,,,0.0197097380263579,38.0499880476894,6863.54166666667,0,1406.7,,2000,,1900,,1800,1700,1600,,1483.9,,1014930.53903184,,,-1227.99996926953,,,7293.17435829774,,5572.34559274437,,16662.3929657238,-67529.9367128936,,-441750.141117528,366.15989535025,,,607.872747040468,,1660.52800738864,,1801.90720013838,12605.9889176117,,103242.656568036,0.288796680497925,0.6,,4941750000,380.9265625,,,,0.932738811066904,,0.0146978436557851,4941750000,909137.552771134,,124690899.869409,0.97476786566107,,,15030470.0604793,744935.325893943,,252963.263628472,-971054.732346093,,,,,,0.3,,,,,,,,,,,,,,,,,,,,,,,,,,,,,,,,,,,,,,,,,,,,,,,,,,,,,,,,,,,,,,,,,,,,,,,,,,,0,,-226369925.339154,,,,,,,,,,,,9142237.5,,-97105473.2346093,-87710272.4709808,940114.582355022,,,,,,,0,None,1,,-97105473.2346093,52231.535676297,,0.0165746816580102,,,,,,0,3.2950270281193,,3006094.01209587,,-112135943.295089,-97105473.2346093,,1600,,,,-2764878.96367669,0.4,0,,30977.0295838888,,5.96361426755066,,,4941750000,,,,,,,,,,,,,,,6476.10233271122,,,11527.1132932901,,18462.8882933855,,24773.96243155,-606811.948671341,,-1503181.74571633,,52.5268943309784,,,128.835758924484,,258.657542467117,,386.401916742325,2007.50451850891,,12419.5423436165,-13710.3974156607,,,-25502.5594441089,,-36831.4960325291,,-47599.1912152493,-57710.9138949353,,-76034.2123484336,-56918604.9361191,,,-54284161.0768729,,-59989637.3513527,,-62081564.4346663,1236528062.89046,,2303615454.55662,,,,-836072.402785521,-2041502.68884896,9438.37451463938,,,,,,,,,,,,,,,,,,,,,,,,,,,,,,,,,,,,,,,,,,,,,,,,,,,,,,,,,,,,,,,,,,,,,,,,,,,,,,,,,,,,,,,,,,,,,,,,,,,,,,,,,,,,84925.7253492922,254902.065286651,-480980.164882925,120285.113335566,44376.5184821889,,-2048753.62803674,15253.4689745903,-257388.770350917,3306869549.64808,,,,,,,,,-2048802.20476925,-69454.1399436191,3446781145.59341,,,,-3182301.68970209,4024626291.5424,,-650.271410942078,,,,,,,,,,,,,,,
CDO0000659,Nereus 2 BNP,43,197083.333333333,0.560067711199701,-621893.77763484,240257.372302391,,,0.00508643037354508,26.8245764841002,4583.33333333333,0,4913.8,,10256,,8068.8,,7153.9,6493.5,6061.8,,5483.8,,116320.734073723,,,6309.02229617551,,,-132933.933719784,,-216807.807094603,,,,,,38.3737816201295,,,1796.24620235806,,2791.39970543359,,,,,,0.192356687898083,0.498089171974521,,2200000000,402.060185185185,,,,0.854836752311657,,0.0152186631929032,2200000000,-115947.247443489,,15763751.5290445,0.992834658395889,,,4540049.54831833,-117558.604331209,,316546.134259259,,,,,,,0.2,,,,,,,,,,,,,,,,,,,,,,,,,,,,,,,,,,,,,,,,,,,,,,,,,,,,,,,,,,,,,,,,,,,,,,,,,,,0,,-70295488.8327182,,,,,,,,,,,,7237083.33333333,,-10993069.6140414,-3439440.1464488,-141011.828009538,,,,,,,0,None,1,,-10993069.6140414,16392.7967402835,,0.0221381305314538,,,,,,0,17.7748072057853,,605339.939775776,,-15533119.1623597,-10993069.6140414,,6061.8,,,,-417922.99408707,0.4,0,,-25064.580566049,,2.63210444882457,,,2200000000,,,,,,,,,,,,,,,3295.48904503882,,,-133899.191553503,,-197815.518735737,,,,,,,0.622636765241623,,,95.1749820113182,,203.271015048027,,,,,,-17594.7051725975,,,-32552.3709671339,,-46860.7275057287,,,,,,-29183779.7968209,,,634631477.669195,,648369013.288785,,,,,,,,,99337.1436369685,-328841.691817359,-2917.92468193732,,,,,,,,,,,,,,,,,,,,,,,,,,,,,,,,,,,,,,,,,,,,,,,,,,,,,,,,,,,,,,,,,,,,,,,,,,,,,,,,,,,,,,,,,,,,,,,,,,,,,,,,,,,,35884.4855479803,106538.717311587,-343432.718518211,4626.01968941178,2098.93070300445,,-328419.221244201,299.068633824587,-97007.8036454601,1253816711.16116,,,,,,,,,-328405.920770884,-39730.6510658567,1272271106.30741,,,,-763207.219060591,2129963988.16551,,-1166.10598575324,,,,,,,,,,,,,,,
CDO0000660,Nereus 2 Mav1,43,-105478.359744333,0.558645546389321,386254.129287028,-146030.001874713,,,0.00535019860471217,26.8266985006757,-2452.98511033333,0,4913.8,,10256,,8068.8,,7153.9,6493.5,6061.8,,5483.8,,-72377.3322907394,,,-3894.07761469378,,,82169.0896971866,,133486.636018113,,,,,,-22.7538870197548,,,-1118.89817200065,,-1746.1423881925,,,,,,0.192356687898089,0.498089171974522,,-1358576368.8,-70.3189064962222,,,,0.852688596795876,,0.0152758399129774,-1358576368.8,70701.9519761914,,-9735438.01080268,0.992834088510312,,,-2429819.44309778,72495.0131108288,,-18077.6826014532,,,,,,,0.2,,,,,,,,,,,,,,,,,,,,,,,,,,,,,,,,,,,,,,,,,,,,,,,,,,,,,,,,,,,,,,,,,,,,,,,,,,,0,,43469510.2229681,,,,,,,,,,,,-1265740.316932,,7163178.31139248,5879360.31185903,86198.423768064,,,,,,,0,None,1,,7163178.31139248,-10123.9218433168,,0.0221946221083976,,,,,,0,17.9776742015252,,-373818.375861198,,9592997.75449026,7163178.31139248,,6061.8,,,,258797.559717447,0.4,0,,15496.4717918726,,2.63210407953575,,,-1358576368.8,,,,,,,,,,,,,,,-2029.71383497119,,,82344.3083056957,,121663.939765662,,,,,,,-0.480497539043427,,,-21.7351629436016,,-72.7346470952034,,,,,,-17594.3259103258,,,-32551.1850338149,,-46858.4297174825,,,,,,17974990.9596249,,,-390272527.589702,,-398762539.134498,,,,,,,,,-61246.3270348341,201901.342387315,1094.60588527098,,,,,,,,,,,,,,,,,,,,,,,,,,,,,,,,,,,,,,,,,,,,,,,,,,,,,,,,,,,,,,,,,,,,,,,,,,,,,,,,,,,,,,,,,,,,,,,,,,,,,,,,,,,,-21937.4948052317,-65794.5693864618,211761.648100606,-2887.79444721291,-1347.93628544044,,201978.534236386,-94.9503075778484,-97003.9406616232,-771060075.764576,,,,,,,,,201970.685095459,-39728.9553018455,-782432297.295659,,,,474410.139655614,-1315325945.33024,,-50.1722873542458,,,,,,,,,,,,,,,
CDO0000661,Nereus Dresdner,43,48474.6269723333,0.560067711199701,-111411.375183277,43042.2289360095,,,0.0043494411278742,26.8245764841002,1127.31690633333,0,4913.8,,10256,,8068.8,,7153.9,6493.5,6061.8,,5483.8,,20838.6291709015,,,1125.5417163022,,,-23817.7965171314,,-38832.6174179803,,,,,,7.14721637825653,,,321.965304880619,,499.960113963774,,,,,,0.192356687898083,0.498089171974521,,394013676,101.45852157,,,,0.854836752311657,,0.0152186631929032,394013676,-20744.6620191602,,2823242.58523156,0.992834658395889,,,1116670.8243077,-21060.9516360007,,81958.4442391141,,,,,,,0.2,,,,,,,,,,,,,,,,,,,,,,,,,,,,,,,,,,,,,,,,,,,,,,,,,,,,,,,,,,,,,,,,,,,,,,,,,,,0,,-12593030.2254138,,,,,,,,,,,,1826253.38826,,-1665266.16701385,242945.665485266,-25233.8160642937,,,,,,,0,None,1,,-1665266.16701385,2935.90277434541,,0.0221381305314538,,,,,,0,17.7902305132745,,108414.643136669,,-2781936.99132154,-1665266.16701385,,6061.8,,,,-74866.8831250668,0.4,0,,-4489.15404513354,,2.63210444882457,,,394013676,,,,,,,,,,,,,,,586.535394072533,,,-23990.5215910673,,-35430.9007667042,,,,,,,0.112732887268066,,,17.0600978136063,,36.4072358235717,,,,,,-17594.7051725975,,,-32552.3709671339,,-46860.7275057287,,,,,,-5194297.23272138,,,113705992.478594,,116129908.689765,,,,,,,,,17796.2449961564,-58910.558594521,-522.665507217171,,,,,,,,,,,,,,,,,,,,,,,,,,,,,,,,,,,,,,,,,,,,,,,,,,,,,,,,,,,,,,,,,,,,,,,,,,,,,,,,,,,,,,,,,,,,,,,,,,,,,,,,,,,,6437.40170514327,19112.5083935251,-61524.8722188095,829.072635222649,333.97817276495,,-58834.886963699,53.580066524446,-97007.8036454601,224641603.935637,,,,,,,,,-58832.5042828582,-39730.6510658567,227921878.265606,,,,-136735.719025875,381470427.602143,,-208.841370076872,,,,,,,,,,,,,,,
CDO0000662,Nereus Mav1,43,-122888.3340706,0.558645546389321,352481.131272841,-133262.424929405,,,0.00487641987039573,26.8266985006757,-2857.8682342,0,4913.8,,10256,,8068.8,,7153.9,6493.5,6061.8,,5483.8,,-66048.7517752922,,,-3544.14526415166,,,74990.2637853209,,121798.416935823,,,,,,-21.3214191616631,,,-1021.41309450542,,-1593.22889559676,,,,,,0.192356687898089,0.498089171974522,,-1239557306.4,-81.9255560470667,,,,0.852688596795876,,0.0152758399129774,-1239557306.4,64465.042087237,,-8882557.94405862,0.992834088510312,,,-2830878.90424539,66157.2506176641,,-21061.5362633093,,,,,,,0.2,,,,,,,,,,,,,,,,,,,,,,,,,,,,,,,,,,,,,,,,,,,,,,,,,,,,,,,,,,,,,,,,,,,,,,,,,,,0,,39668034.9560433,,,,,,,,,,,,-1474660.0088472,,5921717.36486263,4425995.81975212,78604.3105160641,,,,,,,0,None,1,,5921717.36486263,-9237.00837030624,,0.0221946221083976,,,,,,0,17.9879046530629,,-341069.747499445,,8752596.26910802,5921717.36486263,,6061.8,,,,236161.823072255,0.4,0,,14139.2684288271,,2.63210407953575,,,-1239557306.4,,,,,,,,,,,,,,,-1844.48550723493,,,75149.747510165,,111010.943339884,,,,,,,-0.44278958439827,,,-19.861960709095,,-66.3657364249229,,,,,,-17594.3259103258,,,-32551.1850338149,,-46858.4297174825,,,,,,16334889.406221,,,-356173764.071468,,-363846556.84446,,,,,,,,,-55891.397605128,184245.783779233,998.905692806467,,,,,,,,,,,,,,,,,,,,,,,,,,,,,,,,,,,,,,,,,,,,,,,,,,,,,,,,,,,,,,,,,,,,,,,,,,,,,,,,,,,,,,,,,,,,,,,,,,,,,,,,,,,,-20037.0649756156,-60094.778185199,193244.535456992,-2635.96340926383,-1145.04093882237,,184316.205342814,-86.6704867184162,-97003.9406616232,-703685431.509706,,,,,,,,,184309.042658448,-39728.9553018455,-714011273.567716,,,,432945.937217779,-1200095867.46434,,-45.7900406317785,,,,,,,,,,,,,,,
CDO0000671,CDX7 0-3 10y Zero ECD4272,43,-12409.8003296553,0.317974693877392,-11106.8014056268,-11106.8014056268,,,-0.0284528549472871,6469.1667521804,-288.600007666401,0,1406.7,,2000,,1900,,1800,1700,1600,,1483.9,,-157.531359614837,,,-112.759119110278,,,170.436594185075,,15.3891906064979,,270.08447008357,641.151520150699,,344.509229082899,25.5345916922104,,,9.54208880691514,,7.38710337915472,,15.173890310201,124.920981036728,,32.6142819352009,0,0.00871369309930565,,-156000.004144001,-26.9045528892819,,,,0.317974693877392,,0.01469784365723,-156000.004144001,-1710.66354858975,,-553864.191003415,0.00588479404513209,,,-167316.273350569,687.913946850797,,-25090.4014571332,,,,,,,0,,,,,,,,,,,,,,,,,,,,,,,,,,,,,,,,,,,,,,,,,,,,,,,,,,,,,,,,,,,,,,,,,,,,,,,,,,,0,,11575130.8715446,,,,,,,,,,,,-484281.952007075,,-16848.0601085448,-526220.413572753,630.265238582942,,,,,,,0,None,1,,-16848.0601085448,-280.330566707882,,0.0165746816599373,,,,,,0,371.419625241576,,-25.1225635661685,,150468.213242025,-16848.0601085448,,1600,,,,2239.35584691344,0.4,0,,2340.92878717269,,1.49097996666616,,,-557142.862,,,,,,,,,,,,,,,211.147769163843,,,134.040632399236,,85.0743287601799,,49.9976112760487,46.3281941349705,,33.7217502234998,,1.33224376299768,,,0.743471828929614,,0.455469664011616,,0.263418272370473,0.213692759949481,,0.165881729597459,-13710.3974156607,,,-25502.5594441089,,-36831.4960325291,,-47599.1912152493,-57710.9138949353,,-76034.2123484336,-1871852.70269714,,,-647191.09844907,,-290184.945910316,,-135771.571279545,-110013.298575043,,-64675.8742731695,,,,-683.238597727601,560.308915187255,-2.25525437068427,,,,,,,,,,,,,,,,,,,,,,,,,,,,,,,,,,,,,,,,,,,,,,,,,,,,,,,,,,,,,,,,,,,,,,,,,,,,,,,,,,,,,,,,,,,,,,,,,,,,,,,,,,,,-1029.0029991839,-3097.11701113379,1328.81188499846,215.17293716041,3.84506287701079,,560.310285957778,3.17417801785632,-257388.770350917,-3119689.49118429,,,,,,,,,560.306988015538,-69454.1399436191,-1052270.31080936,,,,-3167.51077834832,-2835.88898027173,,90679.8847295046,,,,,,,,,,,,,,,
CDO0000672,CDX7 0-3 10y Zero ECD4273,43,-16546.4004543897,0.317974693877392,-14809.0685541259,-14809.0685541259,,,-0.0284528549472871,6469.1667521804,-384.800010567202,0,1406.7,,2000,,1900,,1800,1700,1600,,1483.9,,-210.041813008276,,,-150.34549228309,,,227.248792451487,,20.5189208276008,,360.1126271025,854.868694301621,,459.345639190583,34.0461227034806,,,12.7227851677408,,9.84947126729587,,20.2318539315791,166.561308609256,,43.4857096651737,0,0.00871369309930565,,-208000.005712001,-35.8727372179027,,,,0.317974693877392,,0.01469784365723,-208000.005712001,-2280.88473195725,,-738485.588667296,0.00588479404513209,,,-223088.364667633,917.218596624209,,-33453.8686395336,,,,,,,0,,,,,,,,,,,,,,,,,,,,,,,,,,,,,,,,,,,,,,,,,,,,,,,,,,,,,,,,,,,,,,,,,,,,,,,,,,,0,,15433507.8425767,,,,,,,,,,,,-645709.269922249,,-22464.0801648865,-701627.218726669,840.35365219813,,,,,,,0,None,1,,-22464.0801648865,-373.77408927928,,0.0165746816599373,,,,,,0,371.419625057985,,-33.496751451632,,200624.284502747,-22464.0801648865,,1600,,,,2985.80779856737,0.4,0,,3121.23838415538,,1.49097996666616,,,-742857.15,,,,,,,,,,,,,,,281.530359137876,,,178.72084335945,,113.432438448479,,66.663481761294,61.7709255686932,,44.9623336716613,,1.77632503633504,,,0.991295789252035,,0.607292903820053,,0.351224381302018,0.284923697559861,,0.22117565741064,-13710.3974156607,,,-25502.5594441089,,-36831.4960325291,,-47599.1912152493,-57710.9138949353,,-76034.2123484336,-2495803.60583677,,,-862921.465373471,,-386913.261560189,,-181028.761868688,-146684.398231635,,-86234.4991082657,,,,-910.984797787684,747.078554253429,-3.00700583020807,,,,,,,,,,,,,,,,,,,,,,,,,,,,,,,,,,,,,,,,,,,,,,,,,,,,,,,,,,,,,,,,,,,,,,,,,,,,,,,,,,,,,,,,,,,,,,,,,,,,,,,,,,,,-1372.00400014321,-4129.4893518842,1771.7491815907,286.897251344526,5.12675050728722,,747.080381947453,4.23223746567965,-257388.770350917,-4159585.99197901,,,,,,,,,747.075984691081,-69454.1399436191,-1403027.08233813,,,,-4223.34770825461,-3781.18531042234,,120906.513081179,,,,,,,,,,,,,,,
CDO0000673,CDX7 0-3 10y Zero ECD4280,43,-6682.2001192516,0.317974693877392,-5980.58532012212,-5980.58532012212,,,-0.0284528549472872,6469.1667521804,-155.400002773293,0,1406.7,,2000,,1900,,1800,1700,1600,,1483.9,,-84.824577514645,,,-60.7164482232391,,,91.7735499152774,,8.28648717785727,,145.430098007034,345.235430918127,,185.504967888308,13.7493954519941,,,5.1380477543215,,3.9776710102662,,8.17055622098692,67.2651429008582,,17.5615364128619,0,0.00871369309930565,,-84000.0014990773,-14.4870668140851,,,,0.317974693877392,,0.01469784365723,-84000.0014990773,-921.126518151672,,-298234.56178646,0.00588479404513209,,,-90093.3771725695,370.415198921171,,-13510.2160514442,,,,,,,0,,,,,,,,,,,,,,,,,,,,,,,,,,,,,,,,,,,,,,,,,,,,,,,,,,,,,,,,,,,,,,,,,,,,,,,,,,,0,,6232762.72264864,,,,,,,,,,,,-260767.202653531,,-9072.03228704999,-283349.450992025,339.373587047565,,,,,,,0,None,1,,-9072.03228704999,-150.947226911371,,0.0165746816599373,,,,,,0,371.419625246962,,-13.5275341100059,,81021.3448855195,-9072.03228704999,,1600,,,,1205.80698398146,0.4,0,,1260.50010519924,,1.49097996666616,,,-300000,,,,,,,,,,,,,,,113.694951635414,,,72.175724508983,,45.8092535484102,,26.9217904522739,24.9459504705446,,18.1578653466131,,0.717362024952308,,,0.400330986303743,,0.245252899025218,,0.141840611890075,0.115065336140106,,0.0893209355126601,-13710.3974156607,,,-25502.5594441089,,-36831.4960325291,,-47599.1912152493,-57710.9138949353,,-76034.2123484336,-1007920.67727992,,,-348487.511512126,,-156253.431050951,,-73107.7685128733,-59237.9294854337,,-34825.4704588095,,,,-367.897703261395,301.704797855185,-1.21436772745801,,,,,,,,,,,,,,,,,,,,,,,,,,,,,,,,,,,,,,,,,,,,,,,,,,,,,,,,,,,,,,,,,,,,,,,,,,,,,,,,,,,,,,,,,,,,,,,,,,,,,,,,,,,,-554.078533191685,-1667.67837607168,715.514085683363,115.862349751289,2.07041845419008,,301.705535962239,1.70917279382411,-257388.770350917,-1679832.78830011,,,,,,,,,301.703760147291,-69454.1399436191,-566607.085496025,,,,-1705.58271193376,-1527.01712991078,,48827.6298132872,,,,,,,,,,,,,,,
CDO0000674,CDX7 0-3 10y Zero ECD8268,43,35638.4009032965,0.317974693877392,31896.4552798749,31896.4552798749,,,-0.0284528549472872,6469.1667521804,828.800021006896,0,1406.7,,2000,,1900,,1800,1700,1600,,1483.9,,452.397750137758,,,323.821059617664,,,-489.458936554356,,-44.1945986137061,,-775.627195194584,-1841.25564537992,,-989.3598361614,-73.3301103406236,,,-27.4029218250501,,-21.2142458084489,,-43.5763010861312,-358.747435363413,,-93.6615281190091,0,0.00871369309930565,,448000.011355079,-19.8894215848781,,,,0.317974693877392,,0.01469784365723,448000.011355079,4912.67479439827,,1590584.34145717,0.00588479404513209,,,480498.015190772,-1975.54774239618,,-19153.8034246474,,,,,,,0,,,,,,,,,,,,,,,,,,,,,,,,,,,,,,,,,,,,,,,,,,,,,,,,,,,,,,,,,,,,,,,,,,,,,,,,,,,0,,-33241401.4367699,,,,,,,,,,,,-358009.588527805,,48384.1725604812,-328779.219391971,-1809.99247782864,,,,,,,0,None,1,,48384.1725604812,805.051882898533,,0.0165746816599373,,,,,,0,371.419624919756,,72.1468491277774,,-432113.842630291,48384.1725604812,,1600,,,,-6430.97062946361,0.4,0,,-6722.66727222691,,1.49097996666616,,,1600000.012,,,,,,,,,,,,,,,-606.373079937126,,,-384.937200268061,,-244.316020757135,,-143.582883489813,-133.045070174179,,-96.8419492419343,,-3.82593081681989,,,-2.13509859720944,,-1.30801545956638,,-0.756483257689979,-0.613681785704102,,-0.476378316292539,-13710.3974156607,,,-25502.5594441089,,-36831.4960325291,,-47599.1912152493,-57710.9138949353,,-76034.2123484336,5375576.98581378,,,1858600.07533655,,833351.638521584,,389908.101661666,315935.626291991,,185735.843840551,,,,1962.12109877668,-1609.09226729578,6.47662792837946,,,,,,,,,,,,,,,,,,,,,,,,,,,,,,,,,,,,,,,,,,,,,,,,,,,,,,,,,,,,,,,,,,,,,,,,,,,,,,,,,,,,,,,,,,,,,,,,,,,,,,,,,,,,2955.08553251874,8894.28473908949,-3816.0751522863,-617.932542542675,-11.0422318384866,,-1609.09620386825,-9.11558823328232,-257388.770350917,8959108.27146611,,,,,,,,,-1609.08673285384,-69454.1399436191,3021904.47864338,,,,9096.44119853668,8144.09142060485,,-260414.02762397,,,,,,,,,,,,,,,
CDX0000726,Dow Jones CDX.NA.IG.5-V5 (for CIBC) 5Y,43,18135.25,,,,,,,0,421.75,0,1406.7,,2000,,1900,,1800,1700,1600,,1483.9,,0,,,614.954279257121,,,,,,,,,,,4.27738160838726,,,,,,,,,,,,,,33740000,26.8688194444445,,,,0.011173368394793,,,,3707.1254870463,,,,,,,-1701.8345438221,,27770.9579583333,,,,,,,,,-4535309.06154061,1E-10,-68894.9950626247,,,,,,,,,,,,,,,,,,,,,,,,,,,,,,,,,,,,,,,,,,,,,,,,,,,,,,,,,,,,,,,,,,,,,,,0,,-20174475.7982503,,,,,,,,,,,,483638.75,,77017.0188949363,588426.72685327,3691.25635082193,,,,,,,1E-12,CDX Spread,,,77017.0188949363,0,,0.0113377490155333,,,,,,0,-0.429911518359742,,1711.52997921291,,,-68894.9950626247,,1600,,,,39.7913478566188,0.4,0,,-15.869136224369,,0.387813797635093,,,35000000,,,,,,,,,,,,,,,-1301.04577628888,,,,,,,,,,,,0.075078752139234,,,,,,,,,,,-13807.8348359257,,,,,,,,,,,11497799.7597394,,,,,,,,,,,,,,1388.45129961627,-1301.04577628885,0.0750787528522778,,,,,,,,,,,,,,,,,,,,,,,,,,,,,,,,,,,,,,,,,,,,,,,,,,,,,,,,,,,,,,,,,,,,,,,,,,,,,,,,,,,,,,,,,,,,,,,,,,,,,,,,,,,,1024.70315822052,3087.89382618079,614.954279257121,4.27738160838726,2.75492137012188,,-1301.04577628888,0.075078752139234,-13807.8348359257,11497799.7597394,,,,,,,,,-1301.04577628888,-4714.52923055217,33666854.4684327,,,,,,,-148212.455913602,,,,,,,,,,,,,,,
CDX0000727,Dow Jones CDX.NA.IG.5-V5 (for CIBC) 5Y,43,-18135.25,,,,,,,0,-421.75,0,1406.7,,2000,,1900,,1800,1700,1600,,1483.9,,0,,,-614.954279257121,,,,,,,,,,,-4.27738160838726,,,,,,,,,,,,,,-33740000,-9.1257638888889,,,,0.011173368394793,,,,-3707.1254870463,,,,,,,1701.8345438221,,-5124.23226388889,,,,,,,,,-4535309.06154061,1E-10,68894.9950626247,,,,,,,,,,,,,,,,,,,,,,,,,,,,,,,,,,,,,,,,,,,,,,,,,,,,,,,,,,,,,,,,,,,,,,,0,,20174475.7982503,,,,,,,,,,,,-164263.75,,-77017.0188949363,-246405.001158825,-3691.25635082193,,,,,,,1E-12,CDX Spread,,,-77017.0188949363,0,,0.0113377490155333,,,,,,0,-0.429911518359742,,-1711.52997921291,,,68894.9950626247,,1600,,,,-39.7913478566188,0.4,0,,15.869136224369,,0.387813797635093,,,-35000000,,,,,,,,,,,,,,,1301.04577628888,,,,,,,,,,,,-0.075078752139234,,,,,,,,,,,-13807.8348359257,,,,,,,,,,,-11497799.7597394,,,,,,,,,,,,,,-1388.45129961627,1301.04577628885,-0.0750787528522778,,,,,,,,,,,,,,,,,,,,,,,,,,,,,,,,,,,,,,,,,,,,,,,,,,,,,,,,,,,,,,,,,,,,,,,,,,,,,,,,,,,,,,,,,,,,,,,,,,,,,,,,,,,,-1024.70315822052,-3087.89382618079,-614.954279257121,-4.27738160838726,-2.75492137012188,,1301.04577628888,-0.075078752139234,-13807.8348359257,-11497799.7597394,,,,,,,,,1301.04577628888,-4714.52923055217,-33666854.4684327,,,,,,,148212.455913602,,,,,,,,,,,,,,,
