HEADER,2010-09-20,QUANTIFI,C:/Quantifi/NightlyBatch/20100920/reports\CorrExposure.csv,2010-09-21 18:19:49,UAT,1,INTERNAL
20100920,,,There are no Risk Results available for trade CDO0000639 as of 20-Sep-2010,,,,,,,,
20100920,,,There are no Risk Results available for trade CDO0000640 as of 20-Sep-2010,,,,,,,,
20100920,2.5.1.9.2.3.1.1,L_USD_2591_ATHILON4,DJ CDX.NA.IG 10yr,20130320,0.1,0,0,,,USD,
20100920,2.5.1.9.2.3.1.1,L_USD_2591_ATHILON4,DJ CDX.NA.IG 5yr,20130320,0.1,632229.995732777,640835.767785464,,,USD,
20100920,2.5.1.9.2.3.1.1,L_USD_2591_ATHILON4,DJ CDX.NA.IG 7yr,20130320,0.1,-228730.650106014,-228080.244926375,,,USD,
20100920,2.5.1.9.2.3.1.1,L_USD_2591_ATHILON4,DJ CDX.NA.IG 10yr,20130320,0.15,0,0,,,USD,
20100920,2.5.1.9.2.3.1.1,L_USD_2591_ATHILON4,DJ CDX.NA.IG 5yr,20130320,0.15,-101557.105805895,-110203.888159299,,,USD,
20100920,2.5.1.9.2.3.1.1,L_USD_2591_ATHILON4,DJ CDX.NA.IG 7yr,20130320,0.15,410262.748418717,412686.179546479,,,USD,
20100920,2.5.1.9.2.3.1.1,L_USD_2591_ATHILON4,DJ CDX.NA.IG 10yr,20130320,0.03,0,0,,,USD,
20100920,2.5.1.9.2.3.1.1,L_USD_2591_ATHILON4,DJ CDX.NA.IG 5yr,20130320,0.03,0,0,,,USD,
20100920,2.5.1.9.2.3.1.1,L_USD_2591_ATHILON4,DJ CDX.NA.IG 7yr,20130320,0.03,0,0,,,USD,
20100920,2.5.1.9.2.3.1.1,L_USD_2591_ATHILON4,DJ CDX.NA.IG 10yr,20130320,0.3,0,0,,,USD,
20100920,2.5.1.9.2.3.1.1,L_USD_2591_ATHILON4,DJ CDX.NA.IG 5yr,20130320,0.3,-214890.058372043,-215569.437238653,,,USD,
20100920,2.5.1.9.2.3.1.1,L_USD_2591_ATHILON4,DJ CDX.NA.IG 7yr,20130320,0.3,-154054.992189604,-152849.166224563,,,USD,
20100920,2.5.1.9.2.3.1.1,L_USD_2591_ATHILON4,DJ CDX.NA.IG 10yr,20130320,0.07,0,0,,,USD,
20100920,2.5.1.9.2.3.1.1,L_USD_2591_ATHILON4,DJ CDX.NA.IG 5yr,20130320,0.07,-106819.218621698,-99338.6208562862,,,USD,
20100920,2.5.1.9.2.3.1.1,L_USD_2591_ATHILON4,DJ CDX.NA.IG 7yr,20130320,0.07,0,0,,,USD,
20100920,2.5.1.9.2.3.1.1,L_USD_2591_ATHILON4,iTraxx Europe 10yr,20130320,0.12,0,0,,,USD,
20100920,2.5.1.9.2.3.1.1,L_USD_2591_ATHILON4,iTraxx Europe 5yr,20130320,0.12,186196.658792388,188227.985451672,,,USD,
20100920,2.5.1.9.2.3.1.1,L_USD_2591_ATHILON4,iTraxx Europe 7yr,20130320,0.12,0,0,,,USD,
20100920,2.5.1.9.2.3.1.1,L_USD_2591_ATHILON4,iTraxx Europe 10yr,20130320,0.22,0,0,,,USD,
20100920,2.5.1.9.2.3.1.1,L_USD_2591_ATHILON4,iTraxx Europe 5yr,20130320,0.22,-119292.560301467,-119310.979020928,,,USD,
20100920,2.5.1.9.2.3.1.1,L_USD_2591_ATHILON4,iTraxx Europe 7yr,20130320,0.22,0,0,,,USD,
20100920,2.5.1.9.2.3.1.1,L_USD_2591_ATHILON4,iTraxx Europe 10yr,20130320,0.03,0,0,,,USD,
20100920,2.5.1.9.2.3.1.1,L_USD_2591_ATHILON4,iTraxx Europe 3yr,20130320,0.03,15093.6619720955,15106.3768157962,,,USD,
20100920,2.5.1.9.2.3.1.1,L_USD_2591_ATHILON4,iTraxx Europe 5yr,20130320,0.03,0,0,,,USD,
20100920,2.5.1.9.2.3.1.1,L_USD_2591_ATHILON4,iTraxx Europe 7yr,20130320,0.03,0,0,,,USD,
20100920,2.5.1.9.2.3.1.1,L_USD_2591_ATHILON4,iTraxx Europe 10yr,20130320,0.06,0,0,,,USD,
20100920,2.5.1.9.2.3.1.1,L_USD_2591_ATHILON4,iTraxx Europe 3yr,20130320,0.06,-9407.7681504727,-9406.31656536735,,,USD,
20100920,2.5.1.9.2.3.1.1,L_USD_2591_ATHILON4,iTraxx Europe 5yr,20130320,0.06,0,0,,,USD,
20100920,2.5.1.9.2.3.1.1,L_USD_2591_ATHILON4,iTraxx Europe 7yr,20130320,0.06,0,0,,,USD,
20100920,2.5.1.9.2.3.1.1,L_USD_2591_ATHILON4,iTraxx Europe 10yr,20130320,0.09,0,0,,,USD,
20100920,2.5.1.9.2.3.1.1,L_USD_2591_ATHILON4,iTraxx Europe 5yr,20130320,0.09,-28770.6941050969,-27964.0086853743,,,USD,
20100920,2.5.1.9.2.3.1.1,L_USD_2591_ATHILON4,iTraxx Europe 7yr,20130320,0.09,0,0,,,USD,
20100920,2.5.1.9.2.3.1.1,L_USD_3254_ATHILON 6,DJ CDX.NA.IG 10yr,20130920,0.1,0,0,,,USD,
20100920,2.5.1.9.2.3.1.1,L_USD_3254_ATHILON 6,DJ CDX.NA.IG 5yr,20130920,0.1,664229.563601959,651898.889247639,,,USD,
20100920,2.5.1.9.2.3.1.1,L_USD_3254_ATHILON 6,DJ CDX.NA.IG 7yr,20130920,0.1,-525591.025111431,-521879.132002388,,,USD,
20100920,2.5.1.9.2.3.1.1,L_USD_3254_ATHILON 6,DJ CDX.NA.IG 10yr,20130920,0.15,0,0,,,USD,
20100920,2.5.1.9.2.3.1.1,L_USD_3254_ATHILON 6,DJ CDX.NA.IG 5yr,20130920,0.15,-530327.465708601,-537986.111190619,,,USD,
20100920,2.5.1.9.2.3.1.1,L_USD_3254_ATHILON 6,DJ CDX.NA.IG 7yr,20130920,0.15,1127905.10428082,1139480.07256324,,,USD,
20100920,2.5.1.9.2.3.1.1,L_USD_3254_ATHILON 6,DJ CDX.NA.IG 10yr,20130920,0.03,0,0,,,USD,
20100920,2.5.1.9.2.3.1.1,L_USD_3254_ATHILON 6,DJ CDX.NA.IG 5yr,20130920,0.03,-9328.77518979592,-8606.36701099362,,,USD,
20100920,2.5.1.9.2.3.1.1,L_USD_3254_ATHILON 6,DJ CDX.NA.IG 7yr,20130920,0.03,0,0,,,USD,
20100920,2.5.1.9.2.3.1.1,L_USD_3254_ATHILON 6,DJ CDX.NA.IG 10yr,20130920,0.3,0,0,,,USD,
20100920,2.5.1.9.2.3.1.1,L_USD_3254_ATHILON 6,DJ CDX.NA.IG 5yr,20130920,0.3,-70043.7413301427,-71233.1523846299,,,USD,
20100920,2.5.1.9.2.3.1.1,L_USD_3254_ATHILON 6,DJ CDX.NA.IG 7yr,20130920,0.3,-502615.942785359,-497173.273072126,,,USD,
20100920,2.5.1.9.2.3.1.1,L_USD_3254_ATHILON 6,DJ CDX.NA.IG 10yr,20130920,0.07,0,0,,,USD,
20100920,2.5.1.9.2.3.1.1,L_USD_3254_ATHILON 6,DJ CDX.NA.IG 5yr,20130920,0.07,139526.309611628,138405.392898181,,,USD,
20100920,2.5.1.9.2.3.1.1,L_USD_3254_ATHILON 6,DJ CDX.NA.IG 7yr,20130920,0.07,0,0,,,USD,
20100920,2.5.1.9.2.3.1.1,L_USD_3254_ATHILON 6,iTraxx Europe 10yr,20130920,0.12,0,0,,,USD,
20100920,2.5.1.9.2.3.1.1,L_USD_3254_ATHILON 6,iTraxx Europe 5yr,20130920,0.12,-173616.416519536,-178248.120557582,,,USD,
20100920,2.5.1.9.2.3.1.1,L_USD_3254_ATHILON 6,iTraxx Europe 7yr,20130920,0.12,206911.620320452,207115.502322738,,,USD,
20100920,2.5.1.9.2.3.1.1,L_USD_3254_ATHILON 6,iTraxx Europe 10yr,20130920,0.22,0,0,,,USD,
20100920,2.5.1.9.2.3.1.1,L_USD_3254_ATHILON 6,iTraxx Europe 5yr,20130920,0.22,-75858.8973394279,-76295.5101267831,,,USD,
20100920,2.5.1.9.2.3.1.1,L_USD_3254_ATHILON 6,iTraxx Europe 7yr,20130920,0.22,-77429.2611433672,-77466.6524963633,,,USD,
20100920,2.5.1.9.2.3.1.1,L_USD_3254_ATHILON 6,iTraxx Europe 10yr,20130920,0.03,0,0,,,USD,
20100920,2.5.1.9.2.3.1.1,L_USD_3254_ATHILON 6,iTraxx Europe 3yr,20130920,0.03,0,0,,,USD,
20100920,2.5.1.9.2.3.1.1,L_USD_3254_ATHILON 6,iTraxx Europe 5yr,20130920,0.03,0,0,,,USD,
20100920,2.5.1.9.2.3.1.1,L_USD_3254_ATHILON 6,iTraxx Europe 7yr,20130920,0.03,0,0,,,USD,
20100920,2.5.1.9.2.3.1.1,L_USD_3254_ATHILON 6,iTraxx Europe 10yr,20130920,0.06,0,0,,,USD,
20100920,2.5.1.9.2.3.1.1,L_USD_3254_ATHILON 6,iTraxx Europe 3yr,20130920,0.06,0,0,,,USD,
20100920,2.5.1.9.2.3.1.1,L_USD_3254_ATHILON 6,iTraxx Europe 5yr,20130920,0.06,-2556.9510210467,-2349.17870892127,,,USD,
20100920,2.5.1.9.2.3.1.1,L_USD_3254_ATHILON 6,iTraxx Europe 7yr,20130920,0.06,0,0,,,USD,
20100920,2.5.1.9.2.3.1.1,L_USD_3254_ATHILON 6,iTraxx Europe 10yr,20130920,0.09,0,0,,,USD,
20100920,2.5.1.9.2.3.1.1,L_USD_3254_ATHILON 6,iTraxx Europe 5yr,20130920,0.09,312056.372537037,311328.411947402,,,USD,
20100920,2.5.1.9.2.3.1.1,L_USD_3254_ATHILON 6,iTraxx Europe 7yr,20130920,0.09,-121384.852544849,-121240.102559599,,,USD,
20100920,2.5.1.9.2.3.1.2,L_USD_3930_ATHILON_7,DJ CDX.NA.IG 10yr,20131220,0.1,0,0,,,USD,
20100920,2.5.1.9.2.3.1.2,L_USD_3930_ATHILON_7,DJ CDX.NA.IG 5yr,20131220,0.1,-308652.036501358,-322179.456509209,,,USD,
20100920,2.5.1.9.2.3.1.2,L_USD_3930_ATHILON_7,DJ CDX.NA.IG 7yr,20131220,0.1,374224.450357427,379229.716072211,,,USD,
20100920,2.5.1.9.2.3.1.2,L_USD_3930_ATHILON_7,DJ CDX.NA.IG 10yr,20131220,0.15,0,0,,,USD,
20100920,2.5.1.9.2.3.1.2,L_USD_3930_ATHILON_7,DJ CDX.NA.IG 5yr,20131220,0.15,-226552.858131544,-224551.665852479,,,USD,
20100920,2.5.1.9.2.3.1.2,L_USD_3930_ATHILON_7,DJ CDX.NA.IG 7yr,20131220,0.15,182110.813481549,177786.120885383,,,USD,
20100920,2.5.1.9.2.3.1.2,L_USD_3930_ATHILON_7,DJ CDX.NA.IG 10yr,20131220,0.03,0,0,,,USD,
20100920,2.5.1.9.2.3.1.2,L_USD_3930_ATHILON_7,DJ CDX.NA.IG 5yr,20131220,0.03,63020.1681737081,59919.8759559672,,,USD,
20100920,2.5.1.9.2.3.1.2,L_USD_3930_ATHILON_7,DJ CDX.NA.IG 7yr,20131220,0.03,0,0,,,USD,
20100920,2.5.1.9.2.3.1.2,L_USD_3930_ATHILON_7,DJ CDX.NA.IG 10yr,20131220,0.3,0,0,,,USD,
20100920,2.5.1.9.2.3.1.2,L_USD_3930_ATHILON_7,DJ CDX.NA.IG 5yr,20131220,0.3,10273.6621670561,10630.7750920883,,,USD,
20100920,2.5.1.9.2.3.1.2,L_USD_3930_ATHILON_7,DJ CDX.NA.IG 7yr,20131220,0.3,-293060.929978165,-293565.39843691,,,USD,
20100920,2.5.1.9.2.3.1.2,L_USD_3930_ATHILON_7,DJ CDX.NA.IG 10yr,20131220,0.07,0,0,,,USD,
20100920,2.5.1.9.2.3.1.2,L_USD_3930_ATHILON_7,DJ CDX.NA.IG 5yr,20131220,0.07,689282.127154425,668768.003589949,,,USD,
20100920,2.5.1.9.2.3.1.2,L_USD_3930_ATHILON_7,DJ CDX.NA.IG 7yr,20131220,0.07,-55017.9721673484,-51987.7697107058,,,USD,
20100920,2.5.1.9.2.3.1.2,L_USD_3930_ATHILON_7,iTraxx Europe 10yr,20131220,0.12,0,0,,,USD,
20100920,2.5.1.9.2.3.1.2,L_USD_3930_ATHILON_7,iTraxx Europe 5yr,20131220,0.12,-391500.117349843,-394699.716117334,,,USD,
20100920,2.5.1.9.2.3.1.2,L_USD_3930_ATHILON_7,iTraxx Europe 7yr,20131220,0.12,469440.980103695,475507.890314693,,,USD,
20100920,2.5.1.9.2.3.1.2,L_USD_3930_ATHILON_7,iTraxx Europe 10yr,20131220,0.22,0,0,,,USD,
20100920,2.5.1.9.2.3.1.2,L_USD_3930_ATHILON_7,iTraxx Europe 5yr,20131220,0.22,-5105.13858023218,-5366.63762087001,,,USD,
20100920,2.5.1.9.2.3.1.2,L_USD_3930_ATHILON_7,iTraxx Europe 7yr,20131220,0.22,-220356.173650672,-219889.959012488,,,USD,
20100920,2.5.1.9.2.3.1.2,L_USD_3930_ATHILON_7,iTraxx Europe 10yr,20131220,0.03,0,0,,,USD,
20100920,2.5.1.9.2.3.1.2,L_USD_3930_ATHILON_7,iTraxx Europe 3yr,20131220,0.03,0,0,,,USD,
20100920,2.5.1.9.2.3.1.2,L_USD_3930_ATHILON_7,iTraxx Europe 5yr,20131220,0.03,-10385.3389966531,-9754.55296911392,,,USD,
20100920,2.5.1.9.2.3.1.2,L_USD_3930_ATHILON_7,iTraxx Europe 7yr,20131220,0.03,0,0,,,USD,
20100920,2.5.1.9.2.3.1.2,L_USD_3930_ATHILON_7,iTraxx Europe 10yr,20131220,0.06,0,0,,,USD,
20100920,2.5.1.9.2.3.1.2,L_USD_3930_ATHILON_7,iTraxx Europe 3yr,20131220,0.06,0,0,,,USD,
20100920,2.5.1.9.2.3.1.2,L_USD_3930_ATHILON_7,iTraxx Europe 5yr,20131220,0.06,540699.406642385,545389.788402635,,,USD,
20100920,2.5.1.9.2.3.1.2,L_USD_3930_ATHILON_7,iTraxx Europe 7yr,20131220,0.06,0,0,,,USD,
20100920,2.5.1.9.2.3.1.2,L_USD_3930_ATHILON_7,iTraxx Europe 10yr,20131220,0.09,0,0,,,USD,
20100920,2.5.1.9.2.3.1.2,L_USD_3930_ATHILON_7,iTraxx Europe 5yr,20131220,0.09,36477.0862072146,35773.2535108923,,,USD,
20100920,2.5.1.9.2.3.1.2,L_USD_3930_ATHILON_7,iTraxx Europe 7yr,20131220,0.09,-196749.282217027,-193701.034758414,,,USD,
20100920,2.5.1.9.2.3.1.2,L_USD_8117_ATHILON_7_offset,DJ CDX.NA.IG 10yr,20131220,0.1,0,0,,,USD,
20100920,2.5.1.9.2.3.1.2,L_USD_8117_ATHILON_7_offset,DJ CDX.NA.IG 5yr,20131220,0.1,308806.13690967,322340.367261052,,,USD,
20100920,2.5.1.9.2.3.1.2,L_USD_8117_ATHILON_7_offset,DJ CDX.NA.IG 7yr,20131220,0.1,-374419.661366856,-379427.641507472,,,USD,
20100920,2.5.1.9.2.3.1.2,L_USD_8117_ATHILON_7_offset,DJ CDX.NA.IG 10yr,20131220,0.15,0,0,,,USD,
20100920,2.5.1.9.2.3.1.2,L_USD_8117_ATHILON_7_offset,DJ CDX.NA.IG 5yr,20131220,0.15,226664.047580123,224661.78531068,,,USD,
20100920,2.5.1.9.2.3.1.2,L_USD_8117_ATHILON_7_offset,DJ CDX.NA.IG 7yr,20131220,0.15,-182223.334632953,-177896.264612937,,,USD,
20100920,2.5.1.9.2.3.1.2,L_USD_8117_ATHILON_7_offset,DJ CDX.NA.IG 10yr,20131220,0.03,0,0,,,USD,
20100920,2.5.1.9.2.3.1.2,L_USD_8117_ATHILON_7_offset,DJ CDX.NA.IG 5yr,20131220,0.03,-63054.2500465739,-59952.2781323806,,,USD,
20100920,2.5.1.9.2.3.1.2,L_USD_8117_ATHILON_7_offset,DJ CDX.NA.IG 7yr,20131220,0.03,0,0,,,USD,
20100920,2.5.1.9.2.3.1.2,L_USD_8117_ATHILON_7_offset,DJ CDX.NA.IG 10yr,20131220,0.3,0,0,,,USD,
20100920,2.5.1.9.2.3.1.2,L_USD_8117_ATHILON_7_offset,DJ CDX.NA.IG 5yr,20131220,0.3,-10278.702200729,-10635.9905922509,,,USD,
20100920,2.5.1.9.2.3.1.2,L_USD_8117_ATHILON_7_offset,DJ CDX.NA.IG 7yr,20131220,0.3,293205.720295453,293710.281949054,,,USD,
20100920,2.5.1.9.2.3.1.2,L_USD_8117_ATHILON_7_offset,DJ CDX.NA.IG 10yr,20131220,0.07,0,0,,,USD,
20100920,2.5.1.9.2.3.1.2,L_USD_8117_ATHILON_7_offset,DJ CDX.NA.IG 5yr,20131220,0.07,-689651.716445333,-669126.389902434,,,USD,
20100920,2.5.1.9.2.3.1.2,L_USD_8117_ATHILON_7_offset,DJ CDX.NA.IG 7yr,20131220,0.07,55047.7236720235,52015.884936551,,,USD,
20100920,2.5.1.9.2.3.1.2,L_USD_8117_ATHILON_7_offset,iTraxx Europe 10yr,20131220,0.12,0,0,,,USD,
20100920,2.5.1.9.2.3.1.2,L_USD_8117_ATHILON_7_offset,iTraxx Europe 5yr,20131220,0.12,391692.353981765,394893.247787925,,,USD,
20100920,2.5.1.9.2.3.1.2,L_USD_8117_ATHILON_7_offset,iTraxx Europe 7yr,20131220,0.12,-469681.821971535,-475752.072186157,,,USD,
20100920,2.5.1.9.2.3.1.2,L_USD_8117_ATHILON_7_offset,iTraxx Europe 10yr,20131220,0.22,0,0,,,USD,
20100920,2.5.1.9.2.3.1.2,L_USD_8117_ATHILON_7_offset,iTraxx Europe 5yr,20131220,0.22,5107.64314438805,5369.27041166371,,,USD,
20100920,2.5.1.9.2.3.1.2,L_USD_8117_ATHILON_7_offset,iTraxx Europe 7yr,20131220,0.22,220463.729286943,219997.142807083,,,USD,
20100920,2.5.1.9.2.3.1.2,L_USD_8117_ATHILON_7_offset,iTraxx Europe 10yr,20131220,0.03,0,0,,,USD,
20100920,2.5.1.9.2.3.1.2,L_USD_8117_ATHILON_7_offset,iTraxx Europe 3yr,20131220,0.03,0,0,,,USD,
20100920,2.5.1.9.2.3.1.2,L_USD_8117_ATHILON_7_offset,iTraxx Europe 5yr,20131220,0.03,10390.9551621767,9759.82810723096,,,USD,
20100920,2.5.1.9.2.3.1.2,L_USD_8117_ATHILON_7_offset,iTraxx Europe 7yr,20131220,0.03,0,0,,,USD,
20100920,2.5.1.9.2.3.1.2,L_USD_8117_ATHILON_7_offset,iTraxx Europe 10yr,20131220,0.06,0,0,,,USD,
20100920,2.5.1.9.2.3.1.2,L_USD_8117_ATHILON_7_offset,iTraxx Europe 3yr,20131220,0.06,0,0,,,USD,
20100920,2.5.1.9.2.3.1.2,L_USD_8117_ATHILON_7_offset,iTraxx Europe 5yr,20131220,0.06,-540991.961581245,-545684.570566246,,,USD,
20100920,2.5.1.9.2.3.1.2,L_USD_8117_ATHILON_7_offset,iTraxx Europe 7yr,20131220,0.06,0,0,,,USD,
20100920,2.5.1.9.2.3.1.2,L_USD_8117_ATHILON_7_offset,iTraxx Europe 10yr,20131220,0.09,0,0,,,USD,
20100920,2.5.1.9.2.3.1.2,L_USD_8117_ATHILON_7_offset,iTraxx Europe 5yr,20131220,0.09,-36495.8356076999,-35791.7035342616,,,USD,
20100920,2.5.1.9.2.3.1.2,L_USD_8117_ATHILON_7_offset,iTraxx Europe 7yr,20131220,0.09,196848.010191342,193798.079077876,,,USD,
20100920,2.5.1.9.2.3.1.2,L_USD_3450_CDX6_7-10_10y_ECD3450.,DJ CDX.NA.IG 10yr,20160620,0.1,-52215.5903129236,-54585.0513638125,,,USD,
20100920,2.5.1.9.2.3.1.2,L_USD_3450_CDX6_7-10_10y_ECD3450.,DJ CDX.NA.IG 5yr,20160620,0.1,0,0,,,USD,
20100920,2.5.1.9.2.3.1.2,L_USD_3450_CDX6_7-10_10y_ECD3450.,DJ CDX.NA.IG 7yr,20160620,0.1,-5888.51169116508,-5890.06037897099,,,USD,
20100920,2.5.1.9.2.3.1.2,L_USD_3450_CDX6_7-10_10y_ECD3450.,DJ CDX.NA.IG 10yr,20160620,0.15,-19755.4535928124,-19683.3912464378,,,USD,
20100920,2.5.1.9.2.3.1.2,L_USD_3450_CDX6_7-10_10y_ECD3450.,DJ CDX.NA.IG 5yr,20160620,0.15,0,0,,,USD,
20100920,2.5.1.9.2.3.1.2,L_USD_3450_CDX6_7-10_10y_ECD3450.,DJ CDX.NA.IG 7yr,20160620,0.15,0,0,,,USD,
20100920,2.5.1.9.2.3.1.2,L_USD_3450_CDX6_7-10_10y_ECD3450.,DJ CDX.NA.IG 10yr,20160620,0.03,-1612.92691355659,-1506.53432765498,,,USD,
20100920,2.5.1.9.2.3.1.2,L_USD_3450_CDX6_7-10_10y_ECD3450.,DJ CDX.NA.IG 5yr,20160620,0.03,0,0,,,USD,
20100920,2.5.1.9.2.3.1.2,L_USD_3450_CDX6_7-10_10y_ECD3450.,DJ CDX.NA.IG 7yr,20160620,0.03,22790.4744680449,22804.604375594,,,USD,
20100920,2.5.1.9.2.3.1.2,L_USD_3450_CDX6_7-10_10y_ECD3450.,DJ CDX.NA.IG 10yr,20160620,0.3,941.059410210084,971.916621182741,,,USD,
20100920,2.5.1.9.2.3.1.2,L_USD_3450_CDX6_7-10_10y_ECD3450.,DJ CDX.NA.IG 5yr,20160620,0.3,0,0,,,USD,
20100920,2.5.1.9.2.3.1.2,L_USD_3450_CDX6_7-10_10y_ECD3450.,DJ CDX.NA.IG 7yr,20160620,0.3,0,0,,,USD,
20100920,2.5.1.9.2.3.1.2,L_USD_3450_CDX6_7-10_10y_ECD3450.,DJ CDX.NA.IG 10yr,20160620,0.07,56954.2983455383,56571.1403777507,,,USD,
20100920,2.5.1.9.2.3.1.2,L_USD_3450_CDX6_7-10_10y_ECD3450.,DJ CDX.NA.IG 5yr,20160620,0.07,0,0,,,USD,
20100920,2.5.1.9.2.3.1.2,L_USD_3450_CDX6_7-10_10y_ECD3450.,DJ CDX.NA.IG 7yr,20160620,0.07,-33850.3701329028,-33947.3571550702,,,USD,
20100920,2.5.1.9.2.3.1.2,L_USD_3449_CDX6_7-10_7y_ECD3449.,DJ CDX.NA.IG 10yr,20130620,0.1,0,0,,,USD,
20100920,2.5.1.9.2.3.1.2,L_USD_3449_CDX6_7-10_7y_ECD3449.,DJ CDX.NA.IG 5yr,20130620,0.1,27909.4905170697,28223.803311869,,,USD,
20100920,2.5.1.9.2.3.1.2,L_USD_3449_CDX6_7-10_7y_ECD3449.,DJ CDX.NA.IG 7yr,20130620,0.1,-16341.5282401386,-16600.6882206523,,,USD,
20100920,2.5.1.9.2.3.1.2,L_USD_3449_CDX6_7-10_7y_ECD3449.,DJ CDX.NA.IG 10yr,20130620,0.15,0,0,,,USD,
20100920,2.5.1.9.2.3.1.2,L_USD_3449_CDX6_7-10_7y_ECD3449.,DJ CDX.NA.IG 5yr,20130620,0.15,-801.678791495188,-859.497351923758,,,USD,
20100920,2.5.1.9.2.3.1.2,L_USD_3449_CDX6_7-10_7y_ECD3449.,DJ CDX.NA.IG 7yr,20130620,0.15,10611.0096333798,10911.7218728838,,,USD,
20100920,2.5.1.9.2.3.1.2,L_USD_3449_CDX6_7-10_7y_ECD3449.,DJ CDX.NA.IG 10yr,20130620,0.03,0,0,,,USD,
20100920,2.5.1.9.2.3.1.2,L_USD_3449_CDX6_7-10_7y_ECD3449.,DJ CDX.NA.IG 5yr,20130620,0.03,-13412.3586108769,-12844.310289051,,,USD,
20100920,2.5.1.9.2.3.1.2,L_USD_3449_CDX6_7-10_7y_ECD3449.,DJ CDX.NA.IG 7yr,20130620,0.03,0,0,,,USD,
20100920,2.5.1.9.2.3.1.2,L_USD_3449_CDX6_7-10_7y_ECD3449.,DJ CDX.NA.IG 10yr,20130620,0.3,0,0,,,USD,
20100920,2.5.1.9.2.3.1.2,L_USD_3449_CDX6_7-10_7y_ECD3449.,DJ CDX.NA.IG 5yr,20130620,0.3,0,0,,,USD,
20100920,2.5.1.9.2.3.1.2,L_USD_3449_CDX6_7-10_7y_ECD3449.,DJ CDX.NA.IG 7yr,20130620,0.3,2189.62999893733,2241.19040896982,,,USD,
20100920,2.5.1.9.2.3.1.2,L_USD_3449_CDX6_7-10_7y_ECD3449.,DJ CDX.NA.IG 10yr,20130620,0.07,0,0,,,USD,
20100920,2.5.1.9.2.3.1.2,L_USD_3449_CDX6_7-10_7y_ECD3449.,DJ CDX.NA.IG 5yr,20130620,0.07,-17294.709687973,-14685.7467846023,,,USD,
20100920,2.5.1.9.2.3.1.2,L_USD_3449_CDX6_7-10_7y_ECD3449.,DJ CDX.NA.IG 7yr,20130620,0.07,2952.63631277373,2789.91419809844,,,USD,
20100920,2.5.1.9.2.3.1.2,L_USD_3453_CDX6_7-10_7y_ECD3453,DJ CDX.NA.IG 10yr,20160620,0.1,52257.3729061706,54628.8346013907,,,USD,
20100920,2.5.1.9.2.3.1.2,L_USD_3453_CDX6_7-10_7y_ECD3453,DJ CDX.NA.IG 5yr,20160620,0.1,0,0,,,USD,
20100920,2.5.1.9.2.3.1.2,L_USD_3453_CDX6_7-10_7y_ECD3453,DJ CDX.NA.IG 7yr,20160620,0.1,5895.29227290049,5896.89124911096,,,USD,
20100920,2.5.1.9.2.3.1.2,L_USD_3453_CDX6_7-10_7y_ECD3453,DJ CDX.NA.IG 10yr,20160620,0.15,19772.8071157125,19700.683469278,,,USD,
20100920,2.5.1.9.2.3.1.2,L_USD_3453_CDX6_7-10_7y_ECD3453,DJ CDX.NA.IG 5yr,20160620,0.15,0,0,,,USD,
20100920,2.5.1.9.2.3.1.2,L_USD_3453_CDX6_7-10_7y_ECD3453,DJ CDX.NA.IG 7yr,20160620,0.15,0,0,,,USD,
20100920,2.5.1.9.2.3.1.2,L_USD_3453_CDX6_7-10_7y_ECD3453,DJ CDX.NA.IG 10yr,20160620,0.03,1614.62824020705,1508.12343309196,,,USD,
20100920,2.5.1.9.2.3.1.2,L_USD_3453_CDX6_7-10_7y_ECD3453,DJ CDX.NA.IG 5yr,20160620,0.03,0,0,,,USD,
20100920,2.5.1.9.2.3.1.2,L_USD_3453_CDX6_7-10_7y_ECD3453,DJ CDX.NA.IG 7yr,20160620,0.03,-22815.3605719416,-22829.4646980793,,,USD,
20100920,2.5.1.9.2.3.1.2,L_USD_3453_CDX6_7-10_7y_ECD3453,DJ CDX.NA.IG 10yr,20160620,0.3,-941.881779329937,-972.765974087141,,,USD,
20100920,2.5.1.9.2.3.1.2,L_USD_3453_CDX6_7-10_7y_ECD3453,DJ CDX.NA.IG 5yr,20160620,0.3,0,0,,,USD,
20100920,2.5.1.9.2.3.1.2,L_USD_3453_CDX6_7-10_7y_ECD3453,DJ CDX.NA.IG 7yr,20160620,0.3,0,0,,,USD,
20100920,2.5.1.9.2.3.1.2,L_USD_3453_CDX6_7-10_7y_ECD3453,DJ CDX.NA.IG 10yr,20160620,0.07,-57010.9329311282,-56627.628793273,,,USD,
20100920,2.5.1.9.2.3.1.2,L_USD_3453_CDX6_7-10_7y_ECD3453,DJ CDX.NA.IG 5yr,20160620,0.07,0,0,,,USD,
20100920,2.5.1.9.2.3.1.2,L_USD_3453_CDX6_7-10_7y_ECD3453,DJ CDX.NA.IG 7yr,20160620,0.07,33872.7169991714,33969.9107805086,,,USD,
20100920,2.5.1.9.2.3.1.2,L_USD_8112_CDX6_7-10_7y_ECD8112.,DJ CDX.NA.IG 10yr,20130620,0.1,0,0,,,USD,
20100920,2.5.1.9.2.3.1.2,L_USD_8112_CDX6_7-10_7y_ECD8112.,DJ CDX.NA.IG 5yr,20130620,0.1,-27905.4830322786,-28219.7461832785,,,USD,
20100920,2.5.1.9.2.3.1.2,L_USD_8112_CDX6_7-10_7y_ECD8112.,DJ CDX.NA.IG 7yr,20130620,0.1,16339.0527514495,16598.1722576402,,,USD,
20100920,2.5.1.9.2.3.1.2,L_USD_8112_CDX6_7-10_7y_ECD8112.,DJ CDX.NA.IG 10yr,20130620,0.15,0,0,,,USD,
20100920,2.5.1.9.2.3.1.2,L_USD_8112_CDX6_7-10_7y_ECD8112.,DJ CDX.NA.IG 5yr,20130620,0.15,801.566733289621,859.377205239514,,,USD,
20100920,2.5.1.9.2.3.1.2,L_USD_8112_CDX6_7-10_7y_ECD8112.,DJ CDX.NA.IG 7yr,20130620,0.15,-10609.6436126845,-10910.3159107237,,,USD,
20100920,2.5.1.9.2.3.1.2,L_USD_8112_CDX6_7-10_7y_ECD8112.,DJ CDX.NA.IG 10yr,20130620,0.03,0,0,,,USD,
20100920,2.5.1.9.2.3.1.2,L_USD_8112_CDX6_7-10_7y_ECD8112.,DJ CDX.NA.IG 5yr,20130620,0.03,13410.3290247433,12842.3656035797,,,USD,
20100920,2.5.1.9.2.3.1.2,L_USD_8112_CDX6_7-10_7y_ECD8112.,DJ CDX.NA.IG 7yr,20130620,0.03,0,0,,,USD,
20100920,2.5.1.9.2.3.1.2,L_USD_8112_CDX6_7-10_7y_ECD8112.,DJ CDX.NA.IG 10yr,20130620,0.3,0,0,,,USD,
20100920,2.5.1.9.2.3.1.2,L_USD_8112_CDX6_7-10_7y_ECD8112.,DJ CDX.NA.IG 5yr,20130620,0.3,0,0,,,USD,
20100920,2.5.1.9.2.3.1.2,L_USD_8112_CDX6_7-10_7y_ECD8112.,DJ CDX.NA.IG 7yr,20130620,0.3,-2189.31796442226,-2240.87101718468,,,USD,
20100920,2.5.1.9.2.3.1.2,L_USD_8112_CDX6_7-10_7y_ECD8112.,DJ CDX.NA.IG 10yr,20130620,0.07,0,0,,,USD,
20100920,2.5.1.9.2.3.1.2,L_USD_8112_CDX6_7-10_7y_ECD8112.,DJ CDX.NA.IG 5yr,20130620,0.07,17291.526741847,14682.9607839583,,,USD,
20100920,2.5.1.9.2.3.1.2,L_USD_8112_CDX6_7-10_7y_ECD8112.,DJ CDX.NA.IG 7yr,20130620,0.07,-2952.17981084004,-2789.48281037658,,,USD,
20100920,2.5.1.9.2.3.1.2,L_CAD_3815_GNT_LSS_1_-_CDX7_30-60.,DJ CDX.NA.IG 10yr,20161220,0.1,-25505815.7236597,-25121522.5476218,,,USD,
20100920,2.5.1.9.2.3.1.2,L_CAD_3815_GNT_LSS_1_-_CDX7_30-60.,DJ CDX.NA.IG 5yr,20161220,0.1,0,0,,,USD,
20100920,2.5.1.9.2.3.1.2,L_CAD_3815_GNT_LSS_1_-_CDX7_30-60.,DJ CDX.NA.IG 7yr,20161220,0.1,-3917774.97590862,-3919269.58309148,,,USD,
20100920,2.5.1.9.2.3.1.2,L_CAD_3815_GNT_LSS_1_-_CDX7_30-60.,DJ CDX.NA.IG 10yr,20161220,0.15,43548467.6828849,40641179.2423991,,,USD,
20100920,2.5.1.9.2.3.1.2,L_CAD_3815_GNT_LSS_1_-_CDX7_30-60.,DJ CDX.NA.IG 5yr,20161220,0.15,0,0,,,USD,
20100920,2.5.1.9.2.3.1.2,L_CAD_3815_GNT_LSS_1_-_CDX7_30-60.,DJ CDX.NA.IG 7yr,20161220,0.15,8162787.80304507,8203956.07999779,,,USD,
20100920,2.5.1.9.2.3.1.2,L_CAD_3815_GNT_LSS_1_-_CDX7_30-60.,DJ CDX.NA.IG 10yr,20161220,0.03,0,0,,,USD,
20100920,2.5.1.9.2.3.1.2,L_CAD_3815_GNT_LSS_1_-_CDX7_30-60.,DJ CDX.NA.IG 5yr,20161220,0.03,0,0,,,USD,
20100920,2.5.1.9.2.3.1.2,L_CAD_3815_GNT_LSS_1_-_CDX7_30-60.,DJ CDX.NA.IG 7yr,20161220,0.03,0,0,,,USD,
20100920,2.5.1.9.2.3.1.2,L_CAD_3815_GNT_LSS_1_-_CDX7_30-60.,DJ CDX.NA.IG 10yr,20161220,0.3,-18381164.9071436,-19674000.7127812,,,USD,
20100920,2.5.1.9.2.3.1.2,L_CAD_3815_GNT_LSS_1_-_CDX7_30-60.,DJ CDX.NA.IG 5yr,20161220,0.3,0,0,,,USD,
20100920,2.5.1.9.2.3.1.2,L_CAD_3815_GNT_LSS_1_-_CDX7_30-60.,DJ CDX.NA.IG 7yr,20161220,0.3,-4559815.21527507,-4534827.87512774,,,USD,
20100920,2.5.1.9.2.3.1.2,L_CAD_3815_GNT_LSS_1_-_CDX7_30-60.,DJ CDX.NA.IG 10yr,20161220,0.07,0,0,,,USD,
20100920,2.5.1.9.2.3.1.2,L_CAD_3815_GNT_LSS_1_-_CDX7_30-60.,DJ CDX.NA.IG 5yr,20161220,0.07,0,0,,,USD,
20100920,2.5.1.9.2.3.1.2,L_CAD_3815_GNT_LSS_1_-_CDX7_30-60.,DJ CDX.NA.IG 7yr,20161220,0.07,0,0,,,USD,
20100920,2.5.1.9.2.3.1.2,L_CAD_3816_GNT_LSS_1_-_GS.,DJ CDX.NA.IG 10yr,20161220,0.1,25150040.356096,25135311.4624888,,,USD,
20100920,2.5.1.9.2.3.1.2,L_CAD_3816_GNT_LSS_1_-_GS.,DJ CDX.NA.IG 5yr,20161220,0.1,0,0,,,USD,
20100920,2.5.1.9.2.3.1.2,L_CAD_3816_GNT_LSS_1_-_GS.,DJ CDX.NA.IG 7yr,20161220,0.1,3919889.64841787,3921369.43793493,,,USD,
20100920,2.5.1.9.2.3.1.2,L_CAD_3816_GNT_LSS_1_-_GS.,DJ CDX.NA.IG 10yr,20161220,0.15,-43572335.4622757,-40353593.1360843,,,USD,
20100920,2.5.1.9.2.3.1.2,L_CAD_3816_GNT_LSS_1_-_GS.,DJ CDX.NA.IG 5yr,20161220,0.15,0,0,,,USD,
20100920,2.5.1.9.2.3.1.2,L_CAD_3816_GNT_LSS_1_-_GS.,DJ CDX.NA.IG 7yr,20161220,0.15,-8167138.88048979,-8208327.44997721,,,USD,
20100920,2.5.1.9.2.3.1.2,L_CAD_3816_GNT_LSS_1_-_GS.,DJ CDX.NA.IG 10yr,20161220,0.03,0,0,,,USD,
20100920,2.5.1.9.2.3.1.2,L_CAD_3816_GNT_LSS_1_-_GS.,DJ CDX.NA.IG 5yr,20161220,0.03,0,0,,,USD,
20100920,2.5.1.9.2.3.1.2,L_CAD_3816_GNT_LSS_1_-_GS.,DJ CDX.NA.IG 7yr,20161220,0.03,0,0,,,USD,
20100920,2.5.1.9.2.3.1.2,L_CAD_3816_GNT_LSS_1_-_GS.,DJ CDX.NA.IG 10yr,20161220,0.3,18188027.709918,19684981.1361048,,,USD,
20100920,2.5.1.9.2.3.1.2,L_CAD_3816_GNT_LSS_1_-_GS.,DJ CDX.NA.IG 5yr,20161220,0.3,0,0,,,USD,
20100920,2.5.1.9.2.3.1.2,L_CAD_3816_GNT_LSS_1_-_GS.,DJ CDX.NA.IG 7yr,20161220,0.3,4562304.96018822,4537308.53005844,,,USD,
20100920,2.5.1.9.2.3.1.2,L_CAD_3816_GNT_LSS_1_-_GS.,DJ CDX.NA.IG 10yr,20161220,0.07,0,0,,,USD,
20100920,2.5.1.9.2.3.1.2,L_CAD_3816_GNT_LSS_1_-_GS.,DJ CDX.NA.IG 5yr,20161220,0.07,0,0,,,USD,
20100920,2.5.1.9.2.3.1.2,L_CAD_3816_GNT_LSS_1_-_GS.,DJ CDX.NA.IG 7yr,20161220,0.07,0,0,,,USD,
20100920,2.5.1.9.2.3.1.2,L_USD_2743_NEREUS2_BNP,DJ CDX.NA.IG 10yr,20130320,0.1,0,0,,,USD,
20100920,2.5.1.9.2.3.1.2,L_USD_2743_NEREUS2_BNP,DJ CDX.NA.IG 5yr,20130320,0.1,429739.135014552,424965.792177617,,,USD,
20100920,2.5.1.9.2.3.1.2,L_USD_2743_NEREUS2_BNP,DJ CDX.NA.IG 7yr,20130320,0.1,464784.105224536,460073.865376922,,,USD,
20100920,2.5.1.9.2.3.1.2,L_USD_2743_NEREUS2_BNP,DJ CDX.NA.IG 10yr,20130320,0.15,0,0,,,USD,
20100920,2.5.1.9.2.3.1.2,L_USD_2743_NEREUS2_BNP,DJ CDX.NA.IG 5yr,20130320,0.15,-1538397.65576264,-1551889.97352909,,,USD,
20100920,2.5.1.9.2.3.1.2,L_USD_2743_NEREUS2_BNP,DJ CDX.NA.IG 7yr,20130320,0.15,-812593.085035092,-831704.551203274,,,USD,
20100920,2.5.1.9.2.3.1.2,L_USD_2743_NEREUS2_BNP,DJ CDX.NA.IG 10yr,20130320,0.03,0,0,,,USD,
20100920,2.5.1.9.2.3.1.2,L_USD_2743_NEREUS2_BNP,DJ CDX.NA.IG 5yr,20130320,0.03,0,0,,,USD,
20100920,2.5.1.9.2.3.1.2,L_USD_2743_NEREUS2_BNP,DJ CDX.NA.IG 7yr,20130320,0.03,0,0,,,USD,
20100920,2.5.1.9.2.3.1.2,L_USD_2743_NEREUS2_BNP,DJ CDX.NA.IG 10yr,20130320,0.3,0,0,,,USD,
20100920,2.5.1.9.2.3.1.2,L_USD_2743_NEREUS2_BNP,DJ CDX.NA.IG 5yr,20130320,0.3,866309.479215638,838874.802332078,,,USD,
20100920,2.5.1.9.2.3.1.2,L_USD_2743_NEREUS2_BNP,DJ CDX.NA.IG 7yr,20130320,0.3,326948.263068098,319568.110770549,,,USD,
20100920,2.5.1.9.2.3.1.2,L_USD_2743_NEREUS2_BNP,DJ CDX.NA.IG 10yr,20130320,0.07,0,0,,,USD,
20100920,2.5.1.9.2.3.1.2,L_USD_2743_NEREUS2_BNP,DJ CDX.NA.IG 5yr,20130320,0.07,6023.59679304927,5600.03818015639,,,USD,
20100920,2.5.1.9.2.3.1.2,L_USD_2743_NEREUS2_BNP,DJ CDX.NA.IG 7yr,20130320,0.07,0,0,,,USD,
20100920,2.5.1.9.2.3.1.2,L_USD_2743_NEREUS2_BNP,iTraxx Europe 10yr,20130320,0.12,0,0,,,USD,
20100920,2.5.1.9.2.3.1.2,L_USD_2743_NEREUS2_BNP,iTraxx Europe 5yr,20130320,0.12,-960734.795826092,-975256.639006956,,,USD,
20100920,2.5.1.9.2.3.1.2,L_USD_2743_NEREUS2_BNP,iTraxx Europe 7yr,20130320,0.12,0,0,,,USD,
20100920,2.5.1.9.2.3.1.2,L_USD_2743_NEREUS2_BNP,iTraxx Europe 10yr,20130320,0.22,0,0,,,USD,
20100920,2.5.1.9.2.3.1.2,L_USD_2743_NEREUS2_BNP,iTraxx Europe 5yr,20130320,0.22,410772.679368402,407552.543323628,,,USD,
20100920,2.5.1.9.2.3.1.2,L_USD_2743_NEREUS2_BNP,iTraxx Europe 7yr,20130320,0.22,0,0,,,USD,
20100920,2.5.1.9.2.3.1.2,L_USD_2743_NEREUS2_BNP,iTraxx Europe 10yr,20130320,0.03,0,0,,,USD,
20100920,2.5.1.9.2.3.1.2,L_USD_2743_NEREUS2_BNP,iTraxx Europe 3yr,20130320,0.03,-27983.4984874325,-27995.6273233335,,,USD,
20100920,2.5.1.9.2.3.1.2,L_USD_2743_NEREUS2_BNP,iTraxx Europe 5yr,20130320,0.03,0,0,,,USD,
20100920,2.5.1.9.2.3.1.2,L_USD_2743_NEREUS2_BNP,iTraxx Europe 7yr,20130320,0.03,0,0,,,USD,
20100920,2.5.1.9.2.3.1.2,L_USD_2743_NEREUS2_BNP,iTraxx Europe 10yr,20130320,0.06,0,0,,,USD,
20100920,2.5.1.9.2.3.1.2,L_USD_2743_NEREUS2_BNP,iTraxx Europe 3yr,20130320,0.06,19527.2958056425,19525.8649555199,,,USD,
20100920,2.5.1.9.2.3.1.2,L_USD_2743_NEREUS2_BNP,iTraxx Europe 5yr,20130320,0.06,0,0,,,USD,
20100920,2.5.1.9.2.3.1.2,L_USD_2743_NEREUS2_BNP,iTraxx Europe 7yr,20130320,0.06,0,0,,,USD,
20100920,2.5.1.9.2.3.1.2,L_USD_2743_NEREUS2_BNP,iTraxx Europe 10yr,20130320,0.09,0,0,,,USD,
20100920,2.5.1.9.2.3.1.2,L_USD_2743_NEREUS2_BNP,iTraxx Europe 5yr,20130320,0.09,502931.576528665,497023.963616892,,,USD,
20100920,2.5.1.9.2.3.1.2,L_USD_2743_NEREUS2_BNP,iTraxx Europe 7yr,20130320,0.09,0,0,,,USD,
20100920,2.5.1.9.2.3.1.2,L_USD_8271_Nereus_2_MAV1,DJ CDX.NA.IG 10yr,20130320,0.1,0,0,,,USD,
20100920,2.5.1.9.2.3.1.2,L_USD_8271_Nereus_2_MAV1,DJ CDX.NA.IG 5yr,20130320,0.1,-254520.097501355,-251637.922128366,,,USD,
20100920,2.5.1.9.2.3.1.2,L_USD_8271_Nereus_2_MAV1,DJ CDX.NA.IG 7yr,20130320,0.1,-285267.831025402,-282416.922944884,,,USD,
20100920,2.5.1.9.2.3.1.2,L_USD_8271_Nereus_2_MAV1,DJ CDX.NA.IG 10yr,20130320,0.15,0,0,,,USD,
20100920,2.5.1.9.2.3.1.2,L_USD_8271_Nereus_2_MAV1,DJ CDX.NA.IG 5yr,20130320,0.15,937301.244197139,945008.137977306,,,USD,
20100920,2.5.1.9.2.3.1.2,L_USD_8271_Nereus_2_MAV1,DJ CDX.NA.IG 7yr,20130320,0.15,498855.504455263,510447.749989309,,,USD,
20100920,2.5.1.9.2.3.1.2,L_USD_8271_Nereus_2_MAV1,DJ CDX.NA.IG 10yr,20130320,0.03,0,0,,,USD,
20100920,2.5.1.9.2.3.1.2,L_USD_8271_Nereus_2_MAV1,DJ CDX.NA.IG 5yr,20130320,0.03,0,0,,,USD,
20100920,2.5.1.9.2.3.1.2,L_USD_8271_Nereus_2_MAV1,DJ CDX.NA.IG 7yr,20130320,0.03,0,0,,,USD,
20100920,2.5.1.9.2.3.1.2,L_USD_8271_Nereus_2_MAV1,DJ CDX.NA.IG 10yr,20130320,0.3,0,0,,,USD,
20100920,2.5.1.9.2.3.1.2,L_USD_8271_Nereus_2_MAV1,DJ CDX.NA.IG 5yr,20130320,0.3,-529238.81728836,-512683.223402446,,,USD,
20100920,2.5.1.9.2.3.1.2,L_USD_8271_Nereus_2_MAV1,DJ CDX.NA.IG 7yr,20130320,0.3,-200089.092387869,-195700.273217383,,,USD,
20100920,2.5.1.9.2.3.1.2,L_USD_8271_Nereus_2_MAV1,DJ CDX.NA.IG 10yr,20130320,0.07,0,0,,,USD,
20100920,2.5.1.9.2.3.1.2,L_USD_8271_Nereus_2_MAV1,DJ CDX.NA.IG 5yr,20130320,0.07,-4665.45966706986,-4337.42957386306,,,USD,
20100920,2.5.1.9.2.3.1.2,L_USD_8271_Nereus_2_MAV1,DJ CDX.NA.IG 7yr,20130320,0.07,0,0,,,USD,
20100920,2.5.1.9.2.3.1.2,L_USD_8271_Nereus_2_MAV1,iTraxx Europe 10yr,20130320,0.12,0,0,,,USD,
20100920,2.5.1.9.2.3.1.2,L_USD_8271_Nereus_2_MAV1,iTraxx Europe 5yr,20130320,0.12,595026.086452216,603965.153707011,,,USD,
20100920,2.5.1.9.2.3.1.2,L_USD_8271_Nereus_2_MAV1,iTraxx Europe 7yr,20130320,0.12,0,0,,,USD,
20100920,2.5.1.9.2.3.1.2,L_USD_8271_Nereus_2_MAV1,iTraxx Europe 10yr,20130320,0.22,0,0,,,USD,
20100920,2.5.1.9.2.3.1.2,L_USD_8271_Nereus_2_MAV1,iTraxx Europe 5yr,20130320,0.22,-254521.802380173,-252499.823574189,,,USD,
20100920,2.5.1.9.2.3.1.2,L_USD_8271_Nereus_2_MAV1,iTraxx Europe 7yr,20130320,0.22,0,0,,,USD,
20100920,2.5.1.9.2.3.1.2,L_USD_8271_Nereus_2_MAV1,iTraxx Europe 10yr,20130320,0.03,0,0,,,USD,
20100920,2.5.1.9.2.3.1.2,L_USD_8271_Nereus_2_MAV1,iTraxx Europe 3yr,20130320,0.03,17566.3695642682,17574.0428732667,,,USD,
20100920,2.5.1.9.2.3.1.2,L_USD_8271_Nereus_2_MAV1,iTraxx Europe 5yr,20130320,0.03,0,0,,,USD,
20100920,2.5.1.9.2.3.1.2,L_USD_8271_Nereus_2_MAV1,iTraxx Europe 7yr,20130320,0.03,0,0,,,USD,
20100920,2.5.1.9.2.3.1.2,L_USD_8271_Nereus_2_MAV1,iTraxx Europe 10yr,20130320,0.06,0,0,,,USD,
20100920,2.5.1.9.2.3.1.2,L_USD_8271_Nereus_2_MAV1,iTraxx Europe 3yr,20130320,0.06,-12189.596668562,-12188.7015017132,,,USD,
20100920,2.5.1.9.2.3.1.2,L_USD_8271_Nereus_2_MAV1,iTraxx Europe 5yr,20130320,0.06,0,0,,,USD,
20100920,2.5.1.9.2.3.1.2,L_USD_8271_Nereus_2_MAV1,iTraxx Europe 7yr,20130320,0.06,0,0,,,USD,
20100920,2.5.1.9.2.3.1.2,L_USD_8271_Nereus_2_MAV1,iTraxx Europe 10yr,20130320,0.09,0,0,,,USD,
20100920,2.5.1.9.2.3.1.2,L_USD_8271_Nereus_2_MAV1,iTraxx Europe 5yr,20130320,0.09,-310455.671867942,-306779.357093249,,,USD,
20100920,2.5.1.9.2.3.1.2,L_USD_8271_Nereus_2_MAV1,iTraxx Europe 7yr,20130320,0.09,0,0,,,USD,
20100920,2.5.1.9.2.3.1.2,L_USD_2602_NEREUS1_DRES,DJ CDX.NA.IG 10yr,20130320,0.1,0,0,,,USD,
20100920,2.5.1.9.2.3.1.2,L_USD_2602_NEREUS1_DRES,DJ CDX.NA.IG 5yr,20130320,0.1,76990.9437858851,76135.7240738689,,,USD,
20100920,2.5.1.9.2.3.1.2,L_USD_2602_NEREUS1_DRES,DJ CDX.NA.IG 7yr,20130320,0.1,83269.4275499067,82425.5059567766,,,USD,
20100920,2.5.1.9.2.3.1.2,L_USD_2602_NEREUS1_DRES,DJ CDX.NA.IG 10yr,20130320,0.15,0,0,,,USD,
20100920,2.5.1.9.2.3.1.2,L_USD_2602_NEREUS1_DRES,DJ CDX.NA.IG 5yr,20130320,0.15,-275613.22959475,-278029.954057257,,,USD,
20100920,2.5.1.9.2.3.1.2,L_USD_2602_NEREUS1_DRES,DJ CDX.NA.IG 7yr,20130320,0.15,-145581.770948854,-149005.888434961,,,USD,
20100920,2.5.1.9.2.3.1.2,L_USD_2602_NEREUS1_DRES,DJ CDX.NA.IG 10yr,20130320,0.03,0,0,,,USD,
20100920,2.5.1.9.2.3.1.2,L_USD_2602_NEREUS1_DRES,DJ CDX.NA.IG 5yr,20130320,0.03,0,0,,,USD,
20100920,2.5.1.9.2.3.1.2,L_USD_2602_NEREUS1_DRES,DJ CDX.NA.IG 7yr,20130320,0.03,0,0,,,USD,
20100920,2.5.1.9.2.3.1.2,L_USD_2602_NEREUS1_DRES,DJ CDX.NA.IG 10yr,20130320,0.3,0,0,,,USD,
20100920,2.5.1.9.2.3.1.2,L_USD_2602_NEREUS1_DRES,DJ CDX.NA.IG 5yr,20130320,0.3,155205.624746362,150290.194970619,,,USD,
20100920,2.5.1.9.2.3.1.2,L_USD_2602_NEREUS1_DRES,DJ CDX.NA.IG 7yr,20130320,0.3,58575.4247765002,57253.1710737606,,,USD,
20100920,2.5.1.9.2.3.1.2,L_USD_2602_NEREUS1_DRES,DJ CDX.NA.IG 10yr,20130320,0.07,0,0,,,USD,
20100920,2.5.1.9.2.3.1.2,L_USD_2602_NEREUS1_DRES,DJ CDX.NA.IG 5yr,20130320,0.07,1079.15315729293,1003.270823535,,,USD,
20100920,2.5.1.9.2.3.1.2,L_USD_2602_NEREUS1_DRES,DJ CDX.NA.IG 7yr,20130320,0.07,0,0,,,USD,
20100920,2.5.1.9.2.3.1.2,L_USD_2602_NEREUS1_DRES,iTraxx Europe 10yr,20130320,0.12,0,0,,,USD,
20100920,2.5.1.9.2.3.1.2,L_USD_2602_NEREUS1_DRES,iTraxx Europe 5yr,20130320,0.12,-172121.766403452,-174723.408439353,,,USD,
20100920,2.5.1.9.2.3.1.2,L_USD_2602_NEREUS1_DRES,iTraxx Europe 7yr,20130320,0.12,0,0,,,USD,
20100920,2.5.1.9.2.3.1.2,L_USD_2602_NEREUS1_DRES,iTraxx Europe 10yr,20130320,0.22,0,0,,,USD,
20100920,2.5.1.9.2.3.1.2,L_USD_2602_NEREUS1_DRES,iTraxx Europe 5yr,20130320,0.22,73592.9077240253,73015.9628443646,,,USD,
20100920,2.5.1.9.2.3.1.2,L_USD_2602_NEREUS1_DRES,iTraxx Europe 7yr,20130320,0.22,0,0,,,USD,
20100920,2.5.1.9.2.3.1.2,L_USD_2602_NEREUS1_DRES,iTraxx Europe 10yr,20130320,0.03,0,0,,,USD,
20100920,2.5.1.9.2.3.1.2,L_USD_2602_NEREUS1_DRES,iTraxx Europe 3yr,20130320,0.03,-5013.34364446128,-5015.50731744412,,,USD,
20100920,2.5.1.9.2.3.1.2,L_USD_2602_NEREUS1_DRES,iTraxx Europe 5yr,20130320,0.03,0,0,,,USD,
20100920,2.5.1.9.2.3.1.2,L_USD_2602_NEREUS1_DRES,iTraxx Europe 7yr,20130320,0.03,0,0,,,USD,
20100920,2.5.1.9.2.3.1.2,L_USD_2602_NEREUS1_DRES,iTraxx Europe 10yr,20130320,0.06,0,0,,,USD,
20100920,2.5.1.9.2.3.1.2,L_USD_2602_NEREUS1_DRES,iTraxx Europe 3yr,20130320,0.06,3498.4214727339,3498.1651353193,,,USD,
20100920,2.5.1.9.2.3.1.2,L_USD_2602_NEREUS1_DRES,iTraxx Europe 5yr,20130320,0.06,0,0,,,USD,
20100920,2.5.1.9.2.3.1.2,L_USD_2602_NEREUS1_DRES,iTraxx Europe 7yr,20130320,0.06,0,0,,,USD,
20100920,2.5.1.9.2.3.1.2,L_USD_2602_NEREUS1_DRES,iTraxx Europe 10yr,20130320,0.09,0,0,,,USD,
20100920,2.5.1.9.2.3.1.2,L_USD_2602_NEREUS1_DRES,iTraxx Europe 5yr,20130320,0.09,90103.6082706969,89045.184707229,,,USD,
20100920,2.5.1.9.2.3.1.2,L_USD_2602_NEREUS1_DRES,iTraxx Europe 7yr,20130320,0.09,0,0,,,USD,
20100920,2.5.1.9.2.3.1.2,L_USD_8269_NEREUS_MAV1,DJ CDX.NA.IG 10yr,20130320,0.1,0,0,,,USD,
20100920,2.5.1.9.2.3.1.2,L_USD_8269_NEREUS_MAV1,DJ CDX.NA.IG 5yr,20130320,0.1,-232264.832140627,-229634.604193488,,,USD,
20100920,2.5.1.9.2.3.1.2,L_USD_8269_NEREUS_MAV1,DJ CDX.NA.IG 7yr,20130320,0.1,-260323.742248432,-257722.048454434,,,USD,
20100920,2.5.1.9.2.3.1.2,L_USD_8269_NEREUS_MAV1,DJ CDX.NA.IG 10yr,20130320,0.15,0,0,,,USD,
20100920,2.5.1.9.2.3.1.2,L_USD_8269_NEREUS_MAV1,DJ CDX.NA.IG 5yr,20130320,0.15,855339.33798251,862371.158455295,,,USD,
20100920,2.5.1.9.2.3.1.2,L_USD_8269_NEREUS_MAV1,DJ CDX.NA.IG 7yr,20130320,0.15,455234.83030258,465813.756479143,,,USD,
20100920,2.5.1.9.2.3.1.2,L_USD_8269_NEREUS_MAV1,DJ CDX.NA.IG 10yr,20130320,0.03,0,0,,,USD,
20100920,2.5.1.9.2.3.1.2,L_USD_8269_NEREUS_MAV1,DJ CDX.NA.IG 5yr,20130320,0.03,0,0,,,USD,
20100920,2.5.1.9.2.3.1.2,L_USD_8269_NEREUS_MAV1,DJ CDX.NA.IG 7yr,20130320,0.03,0,0,,,USD,
20100920,2.5.1.9.2.3.1.2,L_USD_8269_NEREUS_MAV1,DJ CDX.NA.IG 10yr,20130320,0.3,0,0,,,USD,
20100920,2.5.1.9.2.3.1.2,L_USD_8269_NEREUS_MAV1,DJ CDX.NA.IG 5yr,20130320,0.3,-482961.733511005,-467853.170075374,,,USD,
20100920,2.5.1.9.2.3.1.2,L_USD_8269_NEREUS_MAV1,DJ CDX.NA.IG 7yr,20130320,0.3,-182593.670715986,-178588.759022445,,,USD,
20100920,2.5.1.9.2.3.1.2,L_USD_8269_NEREUS_MAV1,DJ CDX.NA.IG 10yr,20130320,0.07,0,0,,,USD,
20100920,2.5.1.9.2.3.1.2,L_USD_8269_NEREUS_MAV1,DJ CDX.NA.IG 5yr,20130320,0.07,-4257.46432274962,-3958.12054083558,,,USD,
20100920,2.5.1.9.2.3.1.2,L_USD_8269_NEREUS_MAV1,DJ CDX.NA.IG 7yr,20130320,0.07,0,0,,,USD,
20100920,2.5.1.9.2.3.1.2,L_USD_8269_NEREUS_MAV1,iTraxx Europe 10yr,20130320,0.12,0,0,,,USD,
20100920,2.5.1.9.2.3.1.2,L_USD_8269_NEREUS_MAV1,iTraxx Europe 5yr,20130320,0.12,542994.876116097,551152.171446225,,,USD,
20100920,2.5.1.9.2.3.1.2,L_USD_8269_NEREUS_MAV1,iTraxx Europe 7yr,20130320,0.12,0,0,,,USD,
20100920,2.5.1.9.2.3.1.2,L_USD_8269_NEREUS_MAV1,iTraxx Europe 10yr,20130320,0.22,0,0,,,USD,
20100920,2.5.1.9.2.3.1.2,L_USD_8269_NEREUS_MAV1,iTraxx Europe 5yr,20130320,0.22,-232266.227834131,-230420.970976613,,,USD,
20100920,2.5.1.9.2.3.1.2,L_USD_8269_NEREUS_MAV1,iTraxx Europe 7yr,20130320,0.22,0,0,,,USD,
20100920,2.5.1.9.2.3.1.2,L_USD_8269_NEREUS_MAV1,iTraxx Europe 10yr,20130320,0.03,0,0,,,USD,
20100920,2.5.1.9.2.3.1.2,L_USD_8269_NEREUS_MAV1,iTraxx Europe 3yr,20130320,0.03,16030.1297188135,16037.1315226103,,,USD,
20100920,2.5.1.9.2.3.1.2,L_USD_8269_NEREUS_MAV1,iTraxx Europe 5yr,20130320,0.03,0,0,,,USD,
20100920,2.5.1.9.2.3.1.2,L_USD_8269_NEREUS_MAV1,iTraxx Europe 7yr,20130320,0.03,0,0,,,USD,
20100920,2.5.1.9.2.3.1.2,L_USD_8269_NEREUS_MAV1,iTraxx Europe 10yr,20130320,0.06,0,0,,,USD,
20100920,2.5.1.9.2.3.1.2,L_USD_8269_NEREUS_MAV1,iTraxx Europe 3yr,20130320,0.06,-11123.6584953451,-11122.8416236013,,,USD,
20100920,2.5.1.9.2.3.1.2,L_USD_8269_NEREUS_MAV1,iTraxx Europe 5yr,20130320,0.06,0,0,,,USD,
20100920,2.5.1.9.2.3.1.2,L_USD_8269_NEREUS_MAV1,iTraxx Europe 7yr,20130320,0.06,0,0,,,USD,
20100920,2.5.1.9.2.3.1.2,L_USD_8269_NEREUS_MAV1,iTraxx Europe 10yr,20130320,0.09,0,0,,,USD,
20100920,2.5.1.9.2.3.1.2,L_USD_8269_NEREUS_MAV1,iTraxx Europe 5yr,20130320,0.09,-283308.727637403,-279953.811544149,,,USD,
20100920,2.5.1.9.2.3.1.2,L_USD_8269_NEREUS_MAV1,iTraxx Europe 7yr,20130320,0.09,0,0,,,USD,
20100920,2.5.1.9.2.3.1.2,L_USD_4272_CDX7_0-3_10y_ZERO_ECD4272.,DJ CDX.NA.IG 10yr,20161220,0.1,88.1429716228239,89.4731139732135,,,USD,
20100920,2.5.1.9.2.3.1.2,L_USD_4272_CDX7_0-3_10y_ZERO_ECD4272.,DJ CDX.NA.IG 5yr,20161220,0.1,0,0,,,USD,
20100920,2.5.1.9.2.3.1.2,L_USD_4272_CDX7_0-3_10y_ZERO_ECD4272.,DJ CDX.NA.IG 7yr,20161220,0.1,-123.308408234732,-123.277940969553,,,USD,
20100920,2.5.1.9.2.3.1.2,L_USD_4272_CDX7_0-3_10y_ZERO_ECD4272.,DJ CDX.NA.IG 10yr,20161220,0.15,0,0,,,USD,
20100920,2.5.1.9.2.3.1.2,L_USD_4272_CDX7_0-3_10y_ZERO_ECD4272.,DJ CDX.NA.IG 5yr,20161220,0.15,0,0,,,USD,
20100920,2.5.1.9.2.3.1.2,L_USD_4272_CDX7_0-3_10y_ZERO_ECD4272.,DJ CDX.NA.IG 7yr,20161220,0.15,0,0,,,USD,
20100920,2.5.1.9.2.3.1.2,L_USD_4272_CDX7_0-3_10y_ZERO_ECD4272.,DJ CDX.NA.IG 10yr,20161220,0.03,-1032.03866580755,-1030.23220530046,,,USD,
20100920,2.5.1.9.2.3.1.2,L_USD_4272_CDX7_0-3_10y_ZERO_ECD4272.,DJ CDX.NA.IG 5yr,20161220,0.03,0,0,,,USD,
20100920,2.5.1.9.2.3.1.2,L_USD_4272_CDX7_0-3_10y_ZERO_ECD4272.,DJ CDX.NA.IG 7yr,20161220,0.03,-864.54422319932,-863.394152512363,,,USD,
20100920,2.5.1.9.2.3.1.2,L_USD_4272_CDX7_0-3_10y_ZERO_ECD4272.,DJ CDX.NA.IG 10yr,20161220,0.3,0,0,,,USD,
20100920,2.5.1.9.2.3.1.2,L_USD_4272_CDX7_0-3_10y_ZERO_ECD4272.,DJ CDX.NA.IG 5yr,20161220,0.3,0,0,,,USD,
20100920,2.5.1.9.2.3.1.2,L_USD_4272_CDX7_0-3_10y_ZERO_ECD4272.,DJ CDX.NA.IG 7yr,20161220,0.3,0,0,,,USD,
20100920,2.5.1.9.2.3.1.2,L_USD_4272_CDX7_0-3_10y_ZERO_ECD4272.,DJ CDX.NA.IG 10yr,20161220,0.07,-280.012470133329,-277.361042330824,,,USD,
20100920,2.5.1.9.2.3.1.2,L_USD_4272_CDX7_0-3_10y_ZERO_ECD4272.,DJ CDX.NA.IG 5yr,20161220,0.07,0,0,,,USD,
20100920,2.5.1.9.2.3.1.2,L_USD_4272_CDX7_0-3_10y_ZERO_ECD4272.,DJ CDX.NA.IG 7yr,20161220,0.07,377.458244579414,377.710206740929,,,USD,
20100920,2.5.1.9.2.3.1.2,L_USD_4273_CDX7_0-3_10y_ZERO_ECD4273.,DJ CDX.NA.IG 10yr,20161220,0.1,117.523962227047,119.297485361855,,,USD,
20100920,2.5.1.9.2.3.1.2,L_USD_4273_CDX7_0-3_10y_ZERO_ECD4273.,DJ CDX.NA.IG 5yr,20161220,0.1,0,0,,,USD,
20100920,2.5.1.9.2.3.1.2,L_USD_4273_CDX7_0-3_10y_ZERO_ECD4273.,DJ CDX.NA.IG 7yr,20161220,0.1,-164.411211068171,-164.370588047911,,,USD,
20100920,2.5.1.9.2.3.1.2,L_USD_4273_CDX7_0-3_10y_ZERO_ECD4273.,DJ CDX.NA.IG 10yr,20161220,0.15,0,0,,,USD,
20100920,2.5.1.9.2.3.1.2,L_USD_4273_CDX7_0-3_10y_ZERO_ECD4273.,DJ CDX.NA.IG 5yr,20161220,0.15,0,0,,,USD,
20100920,2.5.1.9.2.3.1.2,L_USD_4273_CDX7_0-3_10y_ZERO_ECD4273.,DJ CDX.NA.IG 7yr,20161220,0.15,0,0,,,USD,
20100920,2.5.1.9.2.3.1.2,L_USD_4273_CDX7_0-3_10y_ZERO_ECD4273.,DJ CDX.NA.IG 10yr,20161220,0.03,-1376.05155515101,-1373.64294114026,,,USD,
20100920,2.5.1.9.2.3.1.2,L_USD_4273_CDX7_0-3_10y_ZERO_ECD4273.,DJ CDX.NA.IG 5yr,20161220,0.03,0,0,,,USD,
20100920,2.5.1.9.2.3.1.2,L_USD_4273_CDX7_0-3_10y_ZERO_ECD4273.,DJ CDX.NA.IG 7yr,20161220,0.03,-1152.72563155312,-1151.19220396969,,,USD,
20100920,2.5.1.9.2.3.1.2,L_USD_4273_CDX7_0-3_10y_ZERO_ECD4273.,DJ CDX.NA.IG 10yr,20161220,0.3,0,0,,,USD,
20100920,2.5.1.9.2.3.1.2,L_USD_4273_CDX7_0-3_10y_ZERO_ECD4273.,DJ CDX.NA.IG 5yr,20161220,0.3,0,0,,,USD,
20100920,2.5.1.9.2.3.1.2,L_USD_4273_CDX7_0-3_10y_ZERO_ECD4273.,DJ CDX.NA.IG 7yr,20161220,0.3,0,0,,,USD,
20100920,2.5.1.9.2.3.1.2,L_USD_4273_CDX7_0-3_10y_ZERO_ECD4273.,DJ CDX.NA.IG 10yr,20161220,0.07,-373.349960378807,-369.814723306896,,,USD,
20100920,2.5.1.9.2.3.1.2,L_USD_4273_CDX7_0-3_10y_ZERO_ECD4273.,DJ CDX.NA.IG 5yr,20161220,0.07,0,0,,,USD,
20100920,2.5.1.9.2.3.1.2,L_USD_4273_CDX7_0-3_10y_ZERO_ECD4273.,DJ CDX.NA.IG 7yr,20161220,0.07,503.277659710215,503.613609259082,,,USD,
20100920,2.5.1.9.2.3.1.2,L_USD_4280_CDX7_0-3_10y_ZERO_ECD4280.,DJ CDX.NA.IG 10yr,20161220,0.1,47.4615996737922,48.1778301636547,,,USD,
20100920,2.5.1.9.2.3.1.2,L_USD_4280_CDX7_0-3_10y_ZERO_ECD4280.,DJ CDX.NA.IG 5yr,20161220,0.1,0,0,,,USD,
20100920,2.5.1.9.2.3.1.2,L_USD_4280_CDX7_0-3_10y_ZERO_ECD4280.,DJ CDX.NA.IG 7yr,20161220,0.1,-66.396834600638,-66.380429150306,,,USD,
20100920,2.5.1.9.2.3.1.2,L_USD_4280_CDX7_0-3_10y_ZERO_ECD4280.,DJ CDX.NA.IG 10yr,20161220,0.15,0,0,,,USD,
20100920,2.5.1.9.2.3.1.2,L_USD_4280_CDX7_0-3_10y_ZERO_ECD4280.,DJ CDX.NA.IG 5yr,20161220,0.15,0,0,,,USD,
20100920,2.5.1.9.2.3.1.2,L_USD_4280_CDX7_0-3_10y_ZERO_ECD4280.,DJ CDX.NA.IG 7yr,20161220,0.15,0,0,,,USD,
20100920,2.5.1.9.2.3.1.2,L_USD_4280_CDX7_0-3_10y_ZERO_ECD4280.,DJ CDX.NA.IG 10yr,20161220,0.03,-555.71312269836,-554.740413203371,,,USD,
20100920,2.5.1.9.2.3.1.2,L_USD_4280_CDX7_0-3_10y_ZERO_ECD4280.,DJ CDX.NA.IG 5yr,20161220,0.03,0,0,,,USD,
20100920,2.5.1.9.2.3.1.2,L_USD_4280_CDX7_0-3_10y_ZERO_ECD4280.,DJ CDX.NA.IG 7yr,20161220,0.03,-465.523808266418,-464.9045394406,,,USD,
20100920,2.5.1.9.2.3.1.2,L_USD_4280_CDX7_0-3_10y_ZERO_ECD4280.,DJ CDX.NA.IG 10yr,20161220,0.3,0,0,,,USD,
20100920,2.5.1.9.2.3.1.2,L_USD_4280_CDX7_0-3_10y_ZERO_ECD4280.,DJ CDX.NA.IG 5yr,20161220,0.3,0,0,,,USD,
20100920,2.5.1.9.2.3.1.2,L_USD_4280_CDX7_0-3_10y_ZERO_ECD4280.,DJ CDX.NA.IG 7yr,20161220,0.3,0,0,,,USD,
20100920,2.5.1.9.2.3.1.2,L_USD_4280_CDX7_0-3_10y_ZERO_ECD4280.,DJ CDX.NA.IG 10yr,20161220,0.07,-150.775944087827,-149.348252207129,,,USD,
20100920,2.5.1.9.2.3.1.2,L_USD_4280_CDX7_0-3_10y_ZERO_ECD4280.,DJ CDX.NA.IG 5yr,20161220,0.07,0,0,,,USD,
20100920,2.5.1.9.2.3.1.2,L_USD_4280_CDX7_0-3_10y_ZERO_ECD4280.,DJ CDX.NA.IG 7yr,20161220,0.07,203.246745236368,203.38241716826,,,USD,
20100920,2.5.1.9.2.3.1.2,L_USD_8268_CDX7_0-3_10y_ZERO_ECD8268.,DJ CDX.NA.IG 10yr,20161220,0.1,-253.128533492022,-256.948429466605,,,USD,
20100920,2.5.1.9.2.3.1.2,L_USD_8268_CDX7_0-3_10y_ZERO_ECD8268.,DJ CDX.NA.IG 5yr,20161220,0.1,0,0,,,USD,
20100920,2.5.1.9.2.3.1.2,L_USD_8268_CDX7_0-3_10y_ZERO_ECD8268.,DJ CDX.NA.IG 7yr,20161220,0.1,354.116453859276,354.028958123516,,,USD,
20100920,2.5.1.9.2.3.1.2,L_USD_8268_CDX7_0-3_10y_ZERO_ECD8268.,DJ CDX.NA.IG 10yr,20161220,0.15,0,0,,,USD,
20100920,2.5.1.9.2.3.1.2,L_USD_8268_CDX7_0-3_10y_ZERO_ECD8268.,DJ CDX.NA.IG 5yr,20161220,0.15,0,0,,,USD,
20100920,2.5.1.9.2.3.1.2,L_USD_8268_CDX7_0-3_10y_ZERO_ECD8268.,DJ CDX.NA.IG 7yr,20161220,0.15,0,0,,,USD,
20100920,2.5.1.9.2.3.1.2,L_USD_8268_CDX7_0-3_10y_ZERO_ECD8268.,DJ CDX.NA.IG 10yr,20161220,0.03,2963.80334328645,2958.61555927426,,,USD,
20100920,2.5.1.9.2.3.1.2,L_USD_8268_CDX7_0-3_10y_ZERO_ECD8268.,DJ CDX.NA.IG 5yr,20161220,0.03,0,0,,,USD,
20100920,2.5.1.9.2.3.1.2,L_USD_8268_CDX7_0-3_10y_ZERO_ECD8268.,DJ CDX.NA.IG 7yr,20161220,0.03,2482.79366270851,2479.49089561272,,,USD,
20100920,2.5.1.9.2.3.1.2,L_USD_8268_CDX7_0-3_10y_ZERO_ECD8268.,DJ CDX.NA.IG 10yr,20161220,0.3,0,0,,,USD,
20100920,2.5.1.9.2.3.1.2,L_USD_8268_CDX7_0-3_10y_ZERO_ECD8268.,DJ CDX.NA.IG 5yr,20161220,0.3,0,0,,,USD,
20100920,2.5.1.9.2.3.1.2,L_USD_8268_CDX7_0-3_10y_ZERO_ECD8268.,DJ CDX.NA.IG 7yr,20161220,0.3,0,0,,,USD,
20100920,2.5.1.9.2.3.1.2,L_USD_8268_CDX7_0-3_10y_ZERO_ECD8268.,DJ CDX.NA.IG 10yr,20161220,0.07,804.138374499446,796.524017745283,,,USD,
20100920,2.5.1.9.2.3.1.2,L_USD_8268_CDX7_0-3_10y_ZERO_ECD8268.,DJ CDX.NA.IG 5yr,20161220,0.07,0,0,,,USD,
20100920,2.5.1.9.2.3.1.2,L_USD_8268_CDX7_0-3_10y_ZERO_ECD8268.,DJ CDX.NA.IG 7yr,20161220,0.07,-1083.9826493905,-1084.70623303268,,,USD,
20100920,2.5.1.9.2.3.1.2,L_USD_2623_CDX5 5Y,There are no Risk Results available for trade CDX0000726 as of 20-Sep-2010,,,,,,,,
20100920,2.5.1.9.2.3.1.2,L_USD_8111_INDEX_PRICER_CDX.NA_5Y_ECD8111,There are no Risk Results available for trade CDX0000727 as of 20-Sep-2010,,,,,,,,
TRAILER,2010-09-20,QUANTIFI,C:/Quantifi/NightlyBatch/20100920/reports\CorrExposure.csv,410,78804.9514952033,UAT,1,INTERNAL
